use c04cinema;


insert into role (id, name) values (1, 'customer');
insert into role (id, name) values (2, 'staff');
insert into role (id, name) values (3, 'manager');
insert into role (id, name) values (4, 'admin');
insert into role (id, name) values (5, 'super amdin');


insert into customer_type (id, name) values (1, 'standard'); 
insert into customer_type (id, name) values (2, 'silver');
insert into customer_type (id, name) values (3, 'gold');
insert into customer_type (id, name) values (4, 'platium');
insert into customer_type (id, name) values (5, 'diamond');



insert into account (id, username, password) values (1, 'hdorn0', 'k63ORno9tkSG');
insert into account (id, username, password) values (2, 'gserrell1', 'IJOc2Nr');
insert into account (id, username, password) values (3, 'evicary2', 'tusSVBjTw');
insert into account (id, username, password) values (4, 'mlandsborough3', 'SctJudtNg03K');
insert into account (id, username, password) values (5, 'hpenson4', 'nyaYKIk');
insert into account (id, username, password) values (6, 'bwhayman5', 'zIJ2IOXL');
insert into account (id, username, password) values (7, 'jwoodyear6', 'M00nOQmx');
insert into account (id, username, password) values (8, 'soulett7', 'PK02HL');
insert into account (id, username, password) values (9, 'cstenson8', 'xo5pfxFgAV');
insert into account (id, username, password) values (10, 'jheamus9', 'OqslUEh9');
insert into account (id, username, password) values (11, 'mmaycocka', 'GlaGO5');
insert into account (id, username, password) values (12, 'eschneiderb', 'SpruwkpBgE');
insert into account (id, username, password) values (13, 'mmortlockc', 'TQN6ulG');
insert into account (id, username, password) values (14, 'adubosed', 'WsYsBEM4Kc5n');
insert into account (id, username, password) values (15, 'jbusfielde', 'EMAeAfj7e');
insert into account (id, username, password) values (16, 'egoldspinkf', 'l4V9LxBW');
insert into account (id, username, password) values (17, 'bdykesg', 'JyGHOmrTl');
insert into account (id, username, password) values (18, 'sconrathh', 'CvUTAjTxx0');
insert into account (id, username, password) values (19, 'mgiorgettii', '7iTpdtWt8283');
insert into account (id, username, password) values (20, 'ibezleyj', 'SZyUwu5');
insert into account (id, username, password) values (21, 'anoodsk', 'mGPOvymvMauc');
insert into account (id, username, password) values (22, 'kivanisovl', 'nHRQJAEJ6');
insert into account (id, username, password) values (23, 'rpilfoldm', 'zUaLodo1v');
insert into account (id, username, password) values (24, 'lmaseresn', 'eKWIs3D');
insert into account (id, username, password) values (25, 'kkitcheno', '27dpgxF4h');
insert into account (id, username, password) values (26, 'dmetzelp', 'bfHNobg11v');
insert into account (id, username, password) values (27, 'nbonninq', 'edHihA');
insert into account (id, username, password) values (28, 'fklimentr', 'D6jIz9kWD4');
insert into account (id, username, password) values (29, 'tocannavans', 'viGHZ4ckq3');
insert into account (id, username, password) values (30, 'wseczykt', 'pS6yHZhSLqi');
insert into account (id, username, password) values (31, 'fmcelreeu', 'e8dAP3');
insert into account (id, username, password) values (32, 'aeddisforthv', 'P42U5dFn');
insert into account (id, username, password) values (33, 'kpeasemanw', 'XotQ7pAOk');
insert into account (id, username, password) values (34, 'hgannx', 'SeQiIWDbV');
insert into account (id, username, password) values (35, 'cwhiteheady', 'J1mgB4');
insert into account (id, username, password) values (36, 'yruddlesdenz', 'Bf78o8qR7I0');
insert into account (id, username, password) values (37, 'cretchless10', '204PLECGDcF');
insert into account (id, username, password) values (38, 'daxel11', 'RFddPG54');
insert into account (id, username, password) values (39, 'cridsdale12', 'RvApw4q');
insert into account (id, username, password) values (40, 'drobken13', '8FQC5Xt5yjND');
insert into account (id, username, password) values (41, 'zsilby14', 'UWINFc');
insert into account (id, username, password) values (42, 'jwoodhouse15', 'A6P9QnNThsB');
insert into account (id, username, password) values (43, 'mmorgen16', 'bdLE4dWeg');
insert into account (id, username, password) values (44, 'msutherby17', 'E6rwkoKp7W9d');
insert into account (id, username, password) values (45, 'tfriel18', 'pcw3uu57dVv');
insert into account (id, username, password) values (46, 'stomson19', 'I72fEFRGTfx');
insert into account (id, username, password) values (47, 'corknay1a', 'eCREePi');
insert into account (id, username, password) values (48, 'wferneyhough1b', 'D4m4E6yJ');
insert into account (id, username, password) values (49, 'ngillbe1c', 'rQNUgH');
insert into account (id, username, password) values (50, 'hmcniff1d', 'zzmGPcTLfE0a');
insert into account (id, username, password) values (51, 'nmay1e', 'Dc3tOHds5X3U');
insert into account (id, username, password) values (52, 'mpflieger1f', '6WLfliJ5U');
insert into account (id, username, password) values (53, 'gtrodden1g', 'IMU1pWfoEHU5');
insert into account (id, username, password) values (54, 'lhannis1h', 'GMi3Ajhln');
insert into account (id, username, password) values (55, 'shazeman1i', 'klTzlSp0ILDl');
insert into account (id, username, password) values (56, 'slaven1j', 'D66siVxt5tW');
insert into account (id, username, password) values (57, 'njarvis1k', 'dPpbiERXekn');
insert into account (id, username, password) values (58, 'asaylor1l', 'Tx6AH9M');
insert into account (id, username, password) values (59, 'rmillmoe1m', 'AD656B');
insert into account (id, username, password) values (60, 'rbower1n', 'MkqYvnzz4');
insert into account (id, username, password) values (61, 'mmateev1o', '3qSqB567p');
insert into account (id, username, password) values (62, 'hsandell1p', 'Sq4CJMZ34s');
insert into account (id, username, password) values (63, 'jasken1q', 'c9FqgQU');
insert into account (id, username, password) values (64, 'tdepero1r', 'QWEuUhTi');
insert into account (id, username, password) values (65, 'wavarne1s', 'yw85S8RXwPhc');
insert into account (id, username, password) values (66, 'ccato1t', 'FrS6ubS');
insert into account (id, username, password) values (67, 'egrene1u', 'kWopOLlBq');
insert into account (id, username, password) values (68, 'ttodarini1v', 'mh532BFIyq');
insert into account (id, username, password) values (69, 'bshillaber1w', 'OC85DsLC');
insert into account (id, username, password) values (70, 'cduguid1x', '6vOWNLOo');
insert into account (id, username, password) values (71, 'sbeaument1y', '5HpSQdy5');
insert into account (id, username, password) values (72, 'dbengtson1z', 'xdyUQ5XBIf5');
insert into account (id, username, password) values (73, 'nbere20', 'TwvV5i');
insert into account (id, username, password) values (74, 'apontin21', '5Ja6tLbznI');
insert into account (id, username, password) values (75, 'cdinis22', 'Nl41ZWNC1FB');
insert into account (id, username, password) values (76, 'koglassane23', 'by5hFdy0y');
insert into account (id, username, password) values (77, 'rbarlow24', 'YWP8x2');
insert into account (id, username, password) values (78, 'lciani25', 'VGPIxf1wZ6');
insert into account (id, username, password) values (79, 'ablaker26', 'y02ORUX0');
insert into account (id, username, password) values (80, 'reskrigge27', 'yVU0E1');
insert into account (id, username, password) values (81, 'klassen28', 'ogqMCKV8i');
insert into account (id, username, password) values (82, 'kmundie29', 'D5MO9XS');
insert into account (id, username, password) values (83, 'waiers2a', '2gzOh1Wlml');
insert into account (id, username, password) values (84, 'scowndley2b', 'anOyqRdrRIC');
insert into account (id, username, password) values (85, 'xmcdiarmid2c', 'pBCExNsiV');
insert into account (id, username, password) values (86, 'lbernardon2d', '9JPcuPT');
insert into account (id, username, password) values (87, 'jbabb2e', 'G2hKRnJv');
insert into account (id, username, password) values (88, 'jhazael2f', 'Q5MVl09hDj');
insert into account (id, username, password) values (89, 'ddealtry2g', '5xl3r8al');
insert into account (id, username, password) values (90, 'fgennrich2h', '225YHDwrKbty');
insert into account (id, username, password) values (91, 'lmottershaw2i', 'Nmv9VU');
insert into account (id, username, password) values (92, 'cbalsdon2j', 'IWCM07e');
insert into account (id, username, password) values (93, 'lbramford2k', 'yQ2QuPE');
insert into account (id, username, password) values (94, 'drentz2l', 'C4F4xegieN');
insert into account (id, username, password) values (95, 'cfilby2m', '8wV2D92');
insert into account (id, username, password) values (96, 'tkevlin2n', 'xpBOPchnOl');
insert into account (id, username, password) values (97, 'ftidridge2o', 'Ywn6jmQOota');
insert into account (id, username, password) values (98, 'egentle2p', 'pSreVvn4n');
insert into account (id, username, password) values (99, 'wrustman2q', 'pTASpF7F0bG');
insert into account (id, username, password) values (100, 'lgravenall2r', 'bdh8SFT0HMmC');

insert into customer (id, name, address, customer_type_id, current_bonus_point, account_id, email, birthday, phone, isactive, gender, cardid) values (1, 'Anica Celli', '24196 Mccormick Center', 3, 3857, 9, 'acelli0@addtoany.com', '2020-04-28', '819 274 8939', true, 'Female', '835-25-2257');
insert into customer (id, name, address, customer_type_id, current_bonus_point, account_id, email, birthday, phone, isactive, gender, cardid) values (2, 'Spence Clemetts', '4871 Maryland Court', 4, 385, 66, 'sclemetts1@bluehost.com', '2020-09-14', '977 919 2640', true, 'Male', '642-21-9481');
insert into customer (id, name, address, customer_type_id, current_bonus_point, account_id, email, birthday, phone, isactive, gender, cardid) values (3, 'Katti Halt', '6 Vernon Crossing', 1, 4560, 42, 'khalt2@icio.us', '2019-11-29', '146 777 6753', true, 'Female', '453-48-0955');
insert into customer (id, name, address, customer_type_id, current_bonus_point, account_id, email, birthday, phone, isactive, gender, cardid) values (4, 'Ellie Letchford', '582 Oakridge Pass', 3, 1655, 73, 'eletchford3@unc.edu', '2020-03-22', '826 607 5344', false, 'Female', '170-61-1996');
insert into customer (id, name, address, customer_type_id, current_bonus_point, account_id, email, birthday, phone, isactive, gender, cardid) values (5, 'Suzanna Pattisson', '84 Reinke Center', 4, 1930, 67, 'spattisson4@wsj.com', '2019-12-17', '414 380 4175', true, 'Female', '351-75-0056');
insert into customer (id, name, address, customer_type_id, current_bonus_point, account_id, email, birthday, phone, isactive, gender, cardid) values (6, 'Pearle Lamberth', '4 Northwestern Plaza', 3, 1295, 63, 'plamberth5@geocities.com', '2019-11-18', '722 214 0827', true, 'Female', '479-35-8688');
insert into customer (id, name, address, customer_type_id, current_bonus_point, account_id, email, birthday, phone, isactive, gender, cardid) values (7, 'Karlee Sapauton', '624 Evergreen Street', 1, 283, 41, 'ksapauton6@amazon.com', '2020-04-09', '828 901 2810', false, 'Female', '647-60-1135');
insert into customer (id, name, address, customer_type_id, current_bonus_point, account_id, email, birthday, phone, isactive, gender, cardid) values (8, 'Roseanne Bainton', '9335 Welch Road', 4, 1042, 67, 'rbainton7@wordpress.org', '2020-06-13', '109 900 3763', true, 'Female', '452-73-6535');
insert into customer (id, name, address, customer_type_id, current_bonus_point, account_id, email, birthday, phone, isactive, gender, cardid) values (9, 'Reece Dondon', '83 Moland Alley', 1, 1196, 87, 'rdondon8@netlog.com', '2019-11-19', '434 174 0924', false, 'Male', '391-42-0031');
insert into customer (id, name, address, customer_type_id, current_bonus_point, account_id, email, birthday, phone, isactive, gender, cardid) values (10, 'Paquito Prahm', '9 Farwell Street', 2, 254, 18, 'pprahm9@wisc.edu', '2020-01-29', '144 538 2635', true, 'Male', '205-50-1521');
insert into customer (id, name, address, customer_type_id, current_bonus_point, account_id, email, birthday, phone, isactive, gender, cardid) values (11, 'Vernen Chisnall', '5 Monica Point', 1, 255, 70, 'vchisnalla@soundcloud.com', '2020-10-12', '598 760 8525', false, 'Male', '767-17-7025');
insert into customer (id, name, address, customer_type_id, current_bonus_point, account_id, email, birthday, phone, isactive, gender, cardid) values (12, 'Frants Ratie', '16067 International Terrace', 5, 1115, 39, 'fratieb@nyu.edu', '2020-07-03', '452 514 5682', true, 'Male', '287-93-8332');
insert into customer (id, name, address, customer_type_id, current_bonus_point, account_id, email, birthday, phone, isactive, gender, cardid) values (13, 'Wilburt Hoggetts', '97557 Annamark Way', 4, 779, 60, 'whoggettsc@wsj.com', '2020-04-05', '955 669 1966', false, 'Male', '830-51-9630');
insert into customer (id, name, address, customer_type_id, current_bonus_point, account_id, email, birthday, phone, isactive, gender, cardid) values (14, 'Adan Colby', '991 Shopko Way', 4, 2746, 33, 'acolbyd@biblegateway.com', '2020-04-24', '683 757 5280', false, 'Male', '441-44-2009');
insert into customer (id, name, address, customer_type_id, current_bonus_point, account_id, email, birthday, phone, isactive, gender, cardid) values (15, 'Winona Dampier', '80 Annamark Drive', 5, 108, 42, 'wdampiere@sitemeter.com', '2019-12-24', '926 257 5672', true, 'Female', '771-82-2254');
insert into customer (id, name, address, customer_type_id, current_bonus_point, account_id, email, birthday, phone, isactive, gender, cardid) values (16, 'Abbey Shadrach', '1 Carberry Junction', 3, 3718, 13, 'ashadrachf@about.me', '2020-02-26', '377 573 9055', true, 'Female', '176-77-2550');
insert into customer (id, name, address, customer_type_id, current_bonus_point, account_id, email, birthday, phone, isactive, gender, cardid) values (17, 'Lombard Serotsky', '94720 Buena Vista Parkway', 2, 3823, 21, 'lserotskyg@walmart.com', '2020-04-17', '901 792 5431', true, 'Male', '521-43-7532');
insert into customer (id, name, address, customer_type_id, current_bonus_point, account_id, email, birthday, phone, isactive, gender, cardid) values (18, 'Aurlie Duligal', '0471 Melvin Court', 5, 3676, 41, 'aduligalh@google.de', '2020-06-21', '680 884 2309', false, 'Female', '253-90-6218');
insert into customer (id, name, address, customer_type_id, current_bonus_point, account_id, email, birthday, phone, isactive, gender, cardid) values (19, 'Hertha Blackesland', '9 Vidon Terrace', 4, 4576, 92, 'hblackeslandi@npr.org', '2020-05-11', '453 716 8134', true, 'Female', '770-70-4333');
insert into customer (id, name, address, customer_type_id, current_bonus_point, account_id, email, birthday, phone, isactive, gender, cardid) values (20, 'Margareta Mewha', '77959 Iowa Point', 4, 3399, 16, 'mmewhaj@nasa.gov', '2020-08-29', '352 132 2706', false, 'Female', '211-36-8821');
insert into customer (id, name, address, customer_type_id, current_bonus_point, account_id, email, birthday, phone, isactive, gender, cardid) values (21, 'Caritta Ragless', '2 Sachs Pass', 4, 2947, 98, 'craglessk@sphinn.com', '2020-01-16', '831 456 0686', false, 'Female', '380-78-7153');
insert into customer (id, name, address, customer_type_id, current_bonus_point, account_id, email, birthday, phone, isactive, gender, cardid) values (22, 'Kaylyn Bartolommeo', '7820 Carpenter Point', 3, 3111, 19, 'kbartolommeol@china.com.cn', '2020-04-14', '541 550 4389', true, 'Female', '110-69-7530');
insert into customer (id, name, address, customer_type_id, current_bonus_point, account_id, email, birthday, phone, isactive, gender, cardid) values (23, 'Emmy Munby', '98554 Fieldstone Pass', 5, 1733, 79, 'emunbym@google.cn', '2020-02-08', '206 457 8269', false, 'Female', '260-27-0708');
insert into customer (id, name, address, customer_type_id, current_bonus_point, account_id, email, birthday, phone, isactive, gender, cardid) values (24, 'Dyanna Piscotti', '5722 Claremont Plaza', 1, 1777, 34, 'dpiscottin@geocities.com', '2020-01-08', '457 399 0093', true, 'Female', '107-29-9267');
insert into customer (id, name, address, customer_type_id, current_bonus_point, account_id, email, birthday, phone, isactive, gender, cardid) values (25, 'Chip Tripony', '25556 Warbler Street', 4, 688, 3, 'ctriponyo@moonfruit.com', '2019-12-19', '512 652 6323', true, 'Male', '539-90-9539');
insert into customer (id, name, address, customer_type_id, current_bonus_point, account_id, email, birthday, phone, isactive, gender, cardid) values (26, 'Georgiana Howels', '1783 Kropf Park', 4, 3412, 26, 'ghowelsp@google.it', '2019-12-16', '532 127 5436', false, 'Female', '557-83-5655');
insert into customer (id, name, address, customer_type_id, current_bonus_point, account_id, email, birthday, phone, isactive, gender, cardid) values (27, 'Cozmo Strain', '47936 Mallory Way', 1, 2856, 46, 'cstrainq@census.gov', '2020-03-08', '913 993 4837', false, 'Male', '778-82-9180');
insert into customer (id, name, address, customer_type_id, current_bonus_point, account_id, email, birthday, phone, isactive, gender, cardid) values (28, 'Nelia Wimbush', '92 Hanover Plaza', 1, 1369, 29, 'nwimbushr@walmart.com', '2020-09-24', '345 414 1515', false, 'Female', '782-71-8063');
insert into customer (id, name, address, customer_type_id, current_bonus_point, account_id, email, birthday, phone, isactive, gender, cardid) values (29, 'Pattie Smout', '3 Eggendart Park', 4, 3145, 97, 'psmouts@nifty.com', '2020-09-15', '852 503 7767', true, 'Male', '395-02-7343');
insert into customer (id, name, address, customer_type_id, current_bonus_point, account_id, email, birthday, phone, isactive, gender, cardid) values (30, 'Nolie Raw', '6116 Claremont Avenue', 2, 1898, 50, 'nrawt@ezinearticles.com', '2020-09-04', '707 588 3211', true, 'Female', '509-66-8896');
insert into customer (id, name, address, customer_type_id, current_bonus_point, account_id, email, birthday, phone, isactive, gender, cardid) values (31, 'Evita Fosken', '30 Jenifer Circle', 5, 1815, 16, 'efoskenu@cargocollective.com', '2020-08-01', '417 821 9455', false, 'Female', '347-31-5663');
insert into customer (id, name, address, customer_type_id, current_bonus_point, account_id, email, birthday, phone, isactive, gender, cardid) values (32, 'Idell Waldron', '15679 Sutteridge Center', 1, 3075, 83, 'iwaldronv@eepurl.com', '2020-07-13', '219 502 5164', true, 'Female', '428-67-9155');
insert into customer (id, name, address, customer_type_id, current_bonus_point, account_id, email, birthday, phone, isactive, gender, cardid) values (33, 'Dimitri Runge', '6591 Sutherland Junction', 1, 2106, 24, 'drungew@amazon.com', '2019-10-19', '320 287 4181', true, 'Male', '421-01-6240');
insert into customer (id, name, address, customer_type_id, current_bonus_point, account_id, email, birthday, phone, isactive, gender, cardid) values (34, 'Nonah Albertson', '05 Saint Paul Trail', 5, 3512, 77, 'nalbertsonx@imgur.com', '2020-10-03', '258 360 9998', true, 'Female', '697-50-1674');
insert into customer (id, name, address, customer_type_id, current_bonus_point, account_id, email, birthday, phone, isactive, gender, cardid) values (35, 'Whitney Saffe', '3 John Wall Point', 4, 4697, 57, 'wsaffey@google.de', '2020-02-09', '298 365 3131', true, 'Male', '831-16-8148');
insert into customer (id, name, address, customer_type_id, current_bonus_point, account_id, email, birthday, phone, isactive, gender, cardid) values (36, 'Jaine Margett', '00786 Dottie Terrace', 3, 1118, 81, 'jmargettz@alexa.com', '2019-12-22', '840 485 6978', false, 'Female', '436-64-6224');
insert into customer (id, name, address, customer_type_id, current_bonus_point, account_id, email, birthday, phone, isactive, gender, cardid) values (37, 'Coraline Ritter', '47632 Kingsford Street', 1, 4197, 92, 'critter10@acquirethisname.com', '2019-11-29', '465 382 4863', false, 'Female', '616-76-1364');
insert into customer (id, name, address, customer_type_id, current_bonus_point, account_id, email, birthday, phone, isactive, gender, cardid) values (38, 'Sal Knowler', '7124 Macpherson Alley', 2, 3729, 34, 'sknowler11@goo.ne.jp', '2020-03-01', '563 921 6058', false, 'Male', '680-57-7574');
insert into customer (id, name, address, customer_type_id, current_bonus_point, account_id, email, birthday, phone, isactive, gender, cardid) values (39, 'Martyn Niesel', '45809 Northport Plaza', 1, 641, 78, 'mniesel12@github.io', '2020-08-28', '724 591 1579', true, 'Male', '432-18-0060');
insert into customer (id, name, address, customer_type_id, current_bonus_point, account_id, email, birthday, phone, isactive, gender, cardid) values (40, 'Floyd Elliker', '12767 Buell Trail', 3, 2554, 84, 'felliker13@freewebs.com', '2020-10-06', '704 939 1632', true, 'Male', '426-28-0399');
insert into customer (id, name, address, customer_type_id, current_bonus_point, account_id, email, birthday, phone, isactive, gender, cardid) values (41, 'Perren Tedder', '37 Haas Trail', 1, 3815, 69, 'ptedder14@scribd.com', '2020-02-14', '651 277 5575', true, 'Male', '660-09-0829');
insert into customer (id, name, address, customer_type_id, current_bonus_point, account_id, email, birthday, phone, isactive, gender, cardid) values (42, 'Ted Stivers', '62 Gateway Trail', 3, 4950, 94, 'tstivers15@who.int', '2020-07-27', '513 863 1436', false, 'Female', '408-49-0234');
insert into customer (id, name, address, customer_type_id, current_bonus_point, account_id, email, birthday, phone, isactive, gender, cardid) values (43, 'Cathy Matus', '7054 Kedzie Drive', 1, 4308, 18, 'cmatus16@mapy.cz', '2020-04-19', '134 142 7859', false, 'Female', '467-14-5410');
insert into customer (id, name, address, customer_type_id, current_bonus_point, account_id, email, birthday, phone, isactive, gender, cardid) values (44, 'Ninnetta Doddridge', '479 Dahle Trail', 1, 3851, 11, 'ndoddridge17@friendfeed.com', '2020-06-11', '789 196 8446', true, 'Female', '131-65-9850');
insert into customer (id, name, address, customer_type_id, current_bonus_point, account_id, email, birthday, phone, isactive, gender, cardid) values (45, 'Juliana Tabbernor', '7942 Vera Pass', 1, 2255, 64, 'jtabbernor18@home.pl', '2020-03-21', '960 931 8215', true, 'Female', '534-91-0639');
insert into customer (id, name, address, customer_type_id, current_bonus_point, account_id, email, birthday, phone, isactive, gender, cardid) values (46, 'Rudolfo Gotthard', '95328 Merry Place', 3, 1047, 92, 'rgotthard19@printfriendly.com', '2020-04-24', '845 139 1408', false, 'Male', '482-25-4549');
insert into customer (id, name, address, customer_type_id, current_bonus_point, account_id, email, birthday, phone, isactive, gender, cardid) values (47, 'Talyah Shiels', '5 Pond Lane', 3, 4288, 75, 'tshiels1a@hp.com', '2020-10-07', '634 763 9301', false, 'Female', '610-03-5651');
insert into customer (id, name, address, customer_type_id, current_bonus_point, account_id, email, birthday, phone, isactive, gender, cardid) values (48, 'Whitman Penreth', '363 Bonner Street', 3, 1131, 27, 'wpenreth1b@illinois.edu', '2020-09-20', '822 619 2682', false, 'Male', '355-30-6062');
insert into customer (id, name, address, customer_type_id, current_bonus_point, account_id, email, birthday, phone, isactive, gender, cardid) values (49, 'Bernette Scurrell', '45 Montana Center', 3, 3249, 61, 'bscurrell1c@youtube.com', '2020-09-04', '479 355 0462', true, 'Female', '361-78-2679');
insert into customer (id, name, address, customer_type_id, current_bonus_point, account_id, email, birthday, phone, isactive, gender, cardid) values (50, 'Connie Gooder', '8153 Dottie Crossing', 2, 1159, 52, 'cgooder1d@huffingtonpost.com', '2020-02-10', '179 890 1309', false, 'Male', '835-26-0539');
insert into customer (id, name, address, customer_type_id, current_bonus_point, account_id, email, birthday, phone, isactive, gender, cardid) values (51, 'Heinrik Bownas', '4203 Eggendart Terrace', 3, 1682, 28, 'hbownas1e@soup.io', '2020-03-19', '542 965 3590', false, 'Male', '184-58-7063');
insert into customer (id, name, address, customer_type_id, current_bonus_point, account_id, email, birthday, phone, isactive, gender, cardid) values (52, 'Doralynne Cleeton', '38 Basil Junction', 3, 2348, 56, 'dcleeton1f@geocities.jp', '2019-12-27', '626 424 2541', false, 'Female', '131-21-8749');
insert into customer (id, name, address, customer_type_id, current_bonus_point, account_id, email, birthday, phone, isactive, gender, cardid) values (53, 'Cacilie Chattaway', '7 Welch Place', 5, 2285, 17, 'cchattaway1g@washingtonpost.com', '2020-02-03', '701 354 9329', true, 'Female', '680-21-8644');
insert into customer (id, name, address, customer_type_id, current_bonus_point, account_id, email, birthday, phone, isactive, gender, cardid) values (54, 'Benedicto Cushworth', '2 Caliangt Drive', 5, 3594, 63, 'bcushworth1h@storify.com', '2020-09-17', '673 154 1769', false, 'Male', '206-32-1660');
insert into customer (id, name, address, customer_type_id, current_bonus_point, account_id, email, birthday, phone, isactive, gender, cardid) values (55, 'Isidor Bearham', '831 Shelley Point', 4, 4702, 27, 'ibearham1i@trellian.com', '2020-03-01', '764 740 8037', false, 'Male', '782-16-3445');
insert into customer (id, name, address, customer_type_id, current_bonus_point, account_id, email, birthday, phone, isactive, gender, cardid) values (56, 'Anestassia Torr', '90 Springs Street', 5, 3493, 40, 'atorr1j@bing.com', '2019-12-04', '141 216 6130', true, 'Female', '700-73-0742');
insert into customer (id, name, address, customer_type_id, current_bonus_point, account_id, email, birthday, phone, isactive, gender, cardid) values (57, 'Filip Tweedy', '9459 Sommers Junction', 3, 688, 91, 'ftweedy1k@comsenz.com', '2020-08-20', '608 134 3481', false, 'Male', '791-63-5698');
insert into customer (id, name, address, customer_type_id, current_bonus_point, account_id, email, birthday, phone, isactive, gender, cardid) values (58, 'Marcellina Higginbottam', '194 Delladonna Point', 2, 2213, 63, 'mhigginbottam1l@va.gov', '2020-02-02', '864 940 4048', true, 'Female', '432-97-4855');
insert into customer (id, name, address, customer_type_id, current_bonus_point, account_id, email, birthday, phone, isactive, gender, cardid) values (59, 'Reagan Hillin', '2371 Delladonna Center', 3, 1833, 40, 'rhillin1m@wikipedia.org', '2020-09-10', '240 157 0964', true, 'Male', '152-07-3290');
insert into customer (id, name, address, customer_type_id, current_bonus_point, account_id, email, birthday, phone, isactive, gender, cardid) values (60, 'Arielle Tousey', '344 Division Trail', 4, 1454, 43, 'atousey1n@free.fr', '2020-01-01', '670 761 5441', true, 'Female', '312-14-4081');
insert into customer (id, name, address, customer_type_id, current_bonus_point, account_id, email, birthday, phone, isactive, gender, cardid) values (61, 'Frank Trippett', '90184 Merrick Park', 4, 4887, 8, 'ftrippett1o@unc.edu', '2020-05-10', '746 840 8549', false, 'Male', '140-85-9185');
insert into customer (id, name, address, customer_type_id, current_bonus_point, account_id, email, birthday, phone, isactive, gender, cardid) values (62, 'Warden Van de Velde', '0 Glendale Way', 2, 48, 57, 'wvan1p@opera.com', '2019-12-27', '981 559 3856', true, 'Male', '749-12-1217');
insert into customer (id, name, address, customer_type_id, current_bonus_point, account_id, email, birthday, phone, isactive, gender, cardid) values (63, 'Lavina Fardoe', '13488 Lerdahl Street', 4, 4856, 16, 'lfardoe1q@t.co', '2020-05-20', '474 871 8078', false, 'Female', '731-72-2961');
insert into customer (id, name, address, customer_type_id, current_bonus_point, account_id, email, birthday, phone, isactive, gender, cardid) values (64, 'Emmy Choules', '0455 Harper Court', 1, 1611, 35, 'echoules1r@nymag.com', '2020-09-21', '559 726 3147', false, 'Male', '167-29-3139');
insert into customer (id, name, address, customer_type_id, current_bonus_point, account_id, email, birthday, phone, isactive, gender, cardid) values (65, 'Vincent Ganderton', '84 Brown Place', 5, 1089, 58, 'vganderton1s@slideshare.net', '2020-01-11', '642 112 2227', true, 'Male', '623-43-6273');
insert into customer (id, name, address, customer_type_id, current_bonus_point, account_id, email, birthday, phone, isactive, gender, cardid) values (66, 'Sly Occleshaw', '052 Graceland Avenue', 2, 4554, 95, 'soccleshaw1t@cisco.com', '2019-10-18', '342 255 8629', true, 'Male', '721-89-4534');
insert into customer (id, name, address, customer_type_id, current_bonus_point, account_id, email, birthday, phone, isactive, gender, cardid) values (67, 'Lea Buessen', '26165 Linden Court', 5, 1590, 76, 'lbuessen1u@springer.com', '2020-09-20', '947 316 3252', false, 'Female', '365-99-9204');
insert into customer (id, name, address, customer_type_id, current_bonus_point, account_id, email, birthday, phone, isactive, gender, cardid) values (68, 'Alec Ericssen', '27 Dorton Park', 3, 636, 96, 'aericssen1v@jalbum.net', '2019-11-08', '371 732 4156', true, 'Male', '329-65-0076');
insert into customer (id, name, address, customer_type_id, current_bonus_point, account_id, email, birthday, phone, isactive, gender, cardid) values (69, 'Vilhelmina Billington', '51868 Garrison Avenue', 2, 2575, 59, 'vbillington1w@nydailynews.com', '2020-05-16', '750 957 0618', false, 'Female', '131-93-2973');
insert into customer (id, name, address, customer_type_id, current_bonus_point, account_id, email, birthday, phone, isactive, gender, cardid) values (70, 'Blake Dine-Hart', '4 Service Junction', 3, 3173, 14, 'bdinehart1x@lulu.com', '2019-11-05', '557 410 2069', false, 'Male', '200-37-6663');
insert into customer (id, name, address, customer_type_id, current_bonus_point, account_id, email, birthday, phone, isactive, gender, cardid) values (71, 'Rivi Newstead', '3 Clarendon Way', 5, 2747, 100, 'rnewstead1y@bizjournals.com', '2019-10-28', '254 325 0162', false, 'Female', '738-32-3743');
insert into customer (id, name, address, customer_type_id, current_bonus_point, account_id, email, birthday, phone, isactive, gender, cardid) values (72, 'Jacki Normanvill', '3447 Walton Plaza', 3, 4986, 66, 'jnormanvill1z@go.com', '2019-10-26', '509 140 8179', false, 'Female', '846-18-0115');
insert into customer (id, name, address, customer_type_id, current_bonus_point, account_id, email, birthday, phone, isactive, gender, cardid) values (73, 'Gayel Botright', '16 Sunfield Way', 2, 1103, 98, 'gbotright20@usnews.com', '2020-07-30', '966 763 3674', false, 'Female', '240-83-8168');
insert into customer (id, name, address, customer_type_id, current_bonus_point, account_id, email, birthday, phone, isactive, gender, cardid) values (74, 'Ceil Loutheane', '0148 Brentwood Road', 1, 3381, 67, 'cloutheane21@eventbrite.com', '2020-08-19', '976 806 3980', true, 'Female', '514-85-0090');
insert into customer (id, name, address, customer_type_id, current_bonus_point, account_id, email, birthday, phone, isactive, gender, cardid) values (75, 'Aldous Geockle', '533 Calypso Lane', 4, 4124, 71, 'ageockle22@telegraph.co.uk', '2020-06-11', '937 909 2906', true, 'Male', '239-81-5417');
insert into customer (id, name, address, customer_type_id, current_bonus_point, account_id, email, birthday, phone, isactive, gender, cardid) values (76, 'Zolly Jaycocks', '519 Messerschmidt Alley', 1, 1081, 17, 'zjaycocks23@about.me', '2020-04-03', '779 293 5232', false, 'Male', '864-11-8186');
insert into customer (id, name, address, customer_type_id, current_bonus_point, account_id, email, birthday, phone, isactive, gender, cardid) values (77, 'Tandy Varfolomeev', '25865 Morningstar Crossing', 3, 1697, 77, 'tvarfolomeev24@list-manage.com', '2020-05-20', '993 231 0263', false, 'Female', '855-60-0848');
insert into customer (id, name, address, customer_type_id, current_bonus_point, account_id, email, birthday, phone, isactive, gender, cardid) values (78, 'Meade Cordelette', '73813 Eagle Crest Circle', 3, 4078, 11, 'mcordelette25@cocolog-nifty.com', '2020-01-30', '292 160 6248', true, 'Male', '806-98-9437');
insert into customer (id, name, address, customer_type_id, current_bonus_point, account_id, email, birthday, phone, isactive, gender, cardid) values (79, 'Roderigo Gravie', '25925 Anderson Road', 2, 4026, 54, 'rgravie26@wikia.com', '2020-03-06', '972 807 3276', true, 'Male', '185-14-3902');
insert into customer (id, name, address, customer_type_id, current_bonus_point, account_id, email, birthday, phone, isactive, gender, cardid) values (80, 'Baron Hanks', '188 2nd Street', 1, 1314, 75, 'bhanks27@cnn.com', '2020-03-09', '634 875 3741', true, 'Male', '453-33-5205');
insert into customer (id, name, address, customer_type_id, current_bonus_point, account_id, email, birthday, phone, isactive, gender, cardid) values (81, 'Germain MacAllister', '61000 Comanche Avenue', 1, 4336, 73, 'gmacallister28@wunderground.com', '2020-08-21', '415 136 9746', false, 'Female', '370-74-7263');
insert into customer (id, name, address, customer_type_id, current_bonus_point, account_id, email, birthday, phone, isactive, gender, cardid) values (82, 'Timofei Tomasino', '20836 Havey Junction', 4, 499, 96, 'ttomasino29@addthis.com', '2019-10-23', '499 238 5114', true, 'Male', '880-30-4299');
insert into customer (id, name, address, customer_type_id, current_bonus_point, account_id, email, birthday, phone, isactive, gender, cardid) values (83, 'Nicholas McMoyer', '6 Karstens Street', 4, 808, 89, 'nmcmoyer2a@blogspot.com', '2020-09-03', '222 547 8224', false, 'Male', '868-54-8505');
insert into customer (id, name, address, customer_type_id, current_bonus_point, account_id, email, birthday, phone, isactive, gender, cardid) values (84, 'Darrell Panketh', '43 Judy Alley', 3, 2722, 75, 'dpanketh2b@wiley.com', '2020-04-25', '802 911 3293', true, 'Male', '262-09-0158');
insert into customer (id, name, address, customer_type_id, current_bonus_point, account_id, email, birthday, phone, isactive, gender, cardid) values (85, 'Nathalia Gabbitas', '5 Mockingbird Street', 4, 134, 37, 'ngabbitas2c@oaic.gov.au', '2020-01-30', '259 635 9832', true, 'Female', '613-89-8483');
insert into customer (id, name, address, customer_type_id, current_bonus_point, account_id, email, birthday, phone, isactive, gender, cardid) values (86, 'Maryl Farmiloe', '59 Shelley Avenue', 1, 3874, 82, 'mfarmiloe2d@google.co.uk', '2020-02-01', '116 358 9132', false, 'Female', '781-31-6080');
insert into customer (id, name, address, customer_type_id, current_bonus_point, account_id, email, birthday, phone, isactive, gender, cardid) values (87, 'Geoff Frazier', '437 New Castle Road', 2, 47, 13, 'gfrazier2e@weebly.com', '2020-01-24', '646 737 0527', true, 'Male', '680-75-1116');
insert into customer (id, name, address, customer_type_id, current_bonus_point, account_id, email, birthday, phone, isactive, gender, cardid) values (88, 'Laughton Liff', '5839 Superior Way', 5, 1626, 56, 'lliff2f@wikipedia.org', '2020-09-23', '846 875 7513', true, 'Male', '817-31-2919');
insert into customer (id, name, address, customer_type_id, current_bonus_point, account_id, email, birthday, phone, isactive, gender, cardid) values (89, 'Timmy Proudlove', '16387 Sage Plaza', 3, 2409, 48, 'tproudlove2g@ted.com', '2020-09-20', '559 892 2309', true, 'Female', '535-76-3032');
insert into customer (id, name, address, customer_type_id, current_bonus_point, account_id, email, birthday, phone, isactive, gender, cardid) values (90, 'Olvan Valler', '50 Village Green Circle', 5, 1652, 8, 'ovaller2h@npr.org', '2020-10-10', '565 902 1380', false, 'Male', '197-65-5878');
insert into customer (id, name, address, customer_type_id, current_bonus_point, account_id, email, birthday, phone, isactive, gender, cardid) values (91, 'Florrie Zanuciolii', '18695 International Lane', 3, 1865, 15, 'fzanuciolii2i@admin.ch', '2020-06-08', '672 479 0154', false, 'Female', '567-61-1443');
insert into customer (id, name, address, customer_type_id, current_bonus_point, account_id, email, birthday, phone, isactive, gender, cardid) values (92, 'Beulah Demangeon', '2 Sutteridge Court', 4, 946, 98, 'bdemangeon2j@histats.com', '2020-05-10', '103 475 9827', false, 'Female', '328-08-6664');
insert into customer (id, name, address, customer_type_id, current_bonus_point, account_id, email, birthday, phone, isactive, gender, cardid) values (93, 'Arluene Thresher', '8688 Morning Court', 4, 3516, 11, 'athresher2k@senate.gov', '2019-11-25', '577 552 6894', true, 'Female', '122-65-5817');
insert into customer (id, name, address, customer_type_id, current_bonus_point, account_id, email, birthday, phone, isactive, gender, cardid) values (94, 'Giana Samet', '0921 Rusk Hill', 4, 3062, 18, 'gsamet2l@bbb.org', '2020-08-28', '626 753 8058', false, 'Female', '710-79-8152');
insert into customer (id, name, address, customer_type_id, current_bonus_point, account_id, email, birthday, phone, isactive, gender, cardid) values (95, 'Tabby Tipton', '14 Tennessee Trail', 5, 4447, 23, 'ttipton2m@blogspot.com', '2020-07-16', '236 585 2725', false, 'Female', '251-48-2406');
insert into customer (id, name, address, customer_type_id, current_bonus_point, account_id, email, birthday, phone, isactive, gender, cardid) values (96, 'Leslie Hargie', '77 Clyde Gallagher Junction', 3, 4333, 36, 'lhargie2n@npr.org', '2020-05-13', '834 321 9560', false, 'Female', '607-98-4318');
insert into customer (id, name, address, customer_type_id, current_bonus_point, account_id, email, birthday, phone, isactive, gender, cardid) values (97, 'Allyson Todhunter', '39 Old Gate Court', 3, 2791, 58, 'atodhunter2o@com.com', '2020-09-19', '152 506 9108', true, 'Female', '834-22-0544');
insert into customer (id, name, address, customer_type_id, current_bonus_point, account_id, email, birthday, phone, isactive, gender, cardid) values (98, 'Marilin Fairbeard', '6957 Myrtle Junction', 2, 3647, 27, 'mfairbeard2p@ox.ac.uk', '2020-10-15', '496 307 7039', false, 'Female', '444-50-3933');
insert into customer (id, name, address, customer_type_id, current_bonus_point, account_id, email, birthday, phone, isactive, gender, cardid) values (99, 'Shelagh Foreman', '10 Carioca Center', 3, 376, 35, 'sforeman2q@tumblr.com', '2019-12-24', '423 584 3043', true, 'Female', '430-16-6339');
insert into customer (id, name, address, customer_type_id, current_bonus_point, account_id, email, birthday, phone, isactive, gender, cardid) values (100, 'Theo Baynom', '60304 4th Drive', 4, 3591, 55, 'tbaynom2r@cocolog-nifty.com', '2020-10-09', '482 408 6509', false, 'Male', '340-60-8490');







insert into combo (id, name, price) values (1, '1 corn & 1 drink', 21.5);
insert into combo (id, name, price) values (2, '1 corn & 2 drink', 34.0);

insert into food_drink (id, name, price) values (1, 'corn', 18.5);
insert into food_drink (id, name, price) values (2, 'drink', 23.5);


insert into ticket_type (id, name, price_percent, description) values (1, 'Standard', 98.7, 'in felis donec semper sapien a libero');
insert into ticket_type (id, name, price_percent, description) values (2, 'Staff', 98.7, 'in felis donec semper sapien a libero');
insert into ticket_type (id, name, price_percent, description) values (3, 'VIP', 98.7, 'in felis donec semper sapien a libero');
insert into ticket_type (id, name, price_percent, description) values (4, 'Show Biz', 98.7, 'in felis donec semper sapien a libero');
insert into ticket_type (id, name, price_percent, description) values (5, '2D', 26.8, 'erat eros viverra eget congue');
insert into ticket_type (id, name, price_percent, description) values (6, '3D', 98.7, 'in felis donec semper sapien a libero');


insert into movie_rated_age (id, name, description) values (1, 'G', 'General Audiences');
insert into movie_rated_age (id, name, description) values (2, 'PG', 'Parental Guidance Suggested');
insert into movie_rated_age (id, name, description) values (3, 'PG-13', 'Parents Strongly Cautioned');
insert into movie_rated_age (id, name, description) values (4, 'R', 'Restricted');
insert into movie_rated_age (id, name, description) values (5, 'CR', 'Children');



insert into movie_genre_type (id, name, description) values (1, 'Crime|Thriller', 'vitae consectetuer eget rutrum at lorem integer tincidunt ante vel ipsum praesent blandit lacinia');
insert into movie_genre_type (id, name, description) values (2, 'Action', 'accumsan tortor quis turpis sed ante vivamus tortor duis mattis egestas metus aenean fermentum donec ut mauris');
insert into movie_genre_type (id, name, description) values (3, 'Drama', 'sapien ut nunc vestibulum ante ipsum primis in faucibus orci luctus et ultrices posuere cubilia curae mauris viverra diam vitae');
insert into movie_genre_type (id, name, description) values (4, 'Fantasy', 'at dolor quis odio consequat varius integer ac leo pellentesque ultrices mattis odio donec vitae nisi nam ultrices libero non mattis pulvinar nulla pede');
insert into movie_genre_type (id, name, description) values (5, 'Horror', 'purus phasellus in felis donec semper sapien a libero nam dui proin leo odio porttitor id consequat in');
insert into movie_genre_type (id, name, description) values (6, 'Comedy', 'ipsum ac tellus semper interdum mauris ullamcorper purus sit amet nulla quisque arcu libero rutrum ac lobortis');
insert into movie_genre_type (id, name, description) values (7, 'Mystery', 'felis sed interdum venenatis turpis enim blandit mi in porttitor pede justo eu massa donec dapibus duis at velit eu est congue elementum in');
insert into movie_genre_type (id, name, description) values (8, 'Romance', 'felis sed interdum  massa donec dapibus duis at velit eu est congue elementum in');
insert into movie_genre_type (id, name, description) values (9, 'Thriller', 'felis sed interdum  massa donec dapibus duis at velit eu est congue elementum in');
insert into movie_genre_type (id, name, description) values (10, 'Western', 'felis sed interdum  massa donec dapibus duis at velit eu est congue elementum in');
insert into movie_genre_type (id, name, description) values (11, 'Disaster Thriller', 'felis sed interdum  massa donec dapibus duis at velit eu est congue elementum in');
insert into movie_genre_type (id, name, description) values (12, 'Techno Thriller', 'felis sed interdum  massa donec dapibus duis at velit eu est congue elementum in');



insert into movie (id, name, director, actor, is_sub, is_2d, poster_url, start_date, end_date, duration, star_rating, movie_rated_age_id, description, entertainment) values (1, 'End of Poverty, The', 'De Pozzi', 'Zach Cuddehy', false, false, 'https://robohash.org/voluptassedaut.jpg?size=200x300&set=set1', '2020-11-17', '2020-10-16', 173, 5, 4, 'volutpat eleifend donec ut dolor morbi vel lectus in quam fringilla rhoncus mauris enim leo rhoncus sed vestibulum sit amet cursus id turpis integer aliquet massa id lobortis convallis tortor risus dapibus augue vel accumsan tellus nisi eu orci mauris lacinia sapien quis libero nullam sit amet turpis elementum ligula vehicula consequat', 'Bambuí');
insert into movie (id, name, director, actor, is_sub, is_2d, poster_url, start_date, end_date, duration, star_rating, movie_rated_age_id, description, entertainment) values (2, 'Mother Carey''s Chickens', 'Floria Bedborough', 'Rossie Camelin', false, false, 'https://robohash.org/autdolorequia.jpg?size=200x300&set=set1', '2020-10-20', '2020-01-06', 120, 5, 5, 'duis bibendum felis sed interdum venenatis turpis enim blandit mi in porttitor pede justo eu massa donec dapibus duis at velit eu est congue elementum in hac habitasse platea dictumst morbi vestibulum velit id pretium iaculis diam erat fermentum justo nec condimentum neque sapien placerat ante nulla justo aliquam quis turpis eget elit sodales scelerisque mauris sit amet eros suspendisse', 'San Fernando del Valle de Catamarca');
insert into movie (id, name, director, actor, is_sub, is_2d, poster_url, start_date, end_date, duration, star_rating, movie_rated_age_id, description, entertainment) values (3, 'Balto: Wolf Quest ', 'Cleveland Craisford', 'Viki Sollitt', false, false, 'https://robohash.org/abadipiscinihil.jpg?size=200x300&set=set1', '2020-11-02', '2020-06-10', 208, 5, 2, 'id mauris vulputate elementum nullam varius nulla facilisi cras non velit nec nisi vulputate nonummy maecenas tincidunt lacus at velit vivamus vel nulla eget eros elementum pellentesque quisque porta volutpat erat quisque erat eros viverra eget congue eget semper rutrum nulla nunc purus phasellus in felis donec semper sapien a libero nam dui proin leo odio porttitor id', 'Tongzi');
insert into movie (id, name, director, actor, is_sub, is_2d, poster_url, start_date, end_date, duration, star_rating, movie_rated_age_id, description, entertainment) values (4, 'Sandra of a Thousand Delights (Vaghe stelle dell''Orsa...)', 'Saraann Dundendale', 'Katharina Mylechreest', false, false, 'https://robohash.org/sitquihic.jpg?size=200x300&set=set1', '2020-10-24', '2020-10-18', 110, 3, 2, 'duis faucibus accumsan odio curabitur convallis duis consequat dui nec nisi volutpat eleifend donec ut dolor morbi vel lectus in quam fringilla rhoncus mauris enim leo rhoncus sed vestibulum sit amet cursus id turpis integer aliquet massa id lobortis convallis tortor risus dapibus augue vel accumsan tellus nisi eu orci mauris', 'Doloplazy');
insert into movie (id, name, director, actor, is_sub, is_2d, poster_url, start_date, end_date, duration, star_rating, movie_rated_age_id, description, entertainment) values (5, 'G.I. Joe: Operation Dragonfire', 'Finley Beacroft', 'Domenico Wickliffe', false, true, 'https://robohash.org/minimaasperioreset.png?size=200x300&set=set1', '2020-11-18', '2020-07-16', 87, 5, 3, 'sociis natoque penatibus et magnis dis parturient montes nascetur ridiculus mus vivamus vestibulum sagittis sapien cum sociis natoque penatibus et magnis dis parturient montes nascetur ridiculus mus etiam vel augue vestibulum rutrum rutrum neque aenean auctor gravida sem praesent id massa id nisl venenatis lacinia aenean sit amet justo morbi ut odio cras mi pede malesuada in imperdiet et commodo', 'Jieshipu');
insert into movie (id, name, director, actor, is_sub, is_2d, poster_url, start_date, end_date, duration, star_rating, movie_rated_age_id, description, entertainment) values (6, 'Sex in Chains (Geschlecht in Fesseln)', 'Truman Benoist', 'Andriette Milnes', true, true, 'https://robohash.org/minusipsalaboriosam.png?size=200x300&set=set1', '2020-10-23', '2020-05-27', 173, 3, 3, 'nunc purus phasellus in felis donec semper sapien a libero nam dui proin leo odio porttitor id consequat in consequat ut nulla sed accumsan felis ut at dolor quis odio consequat varius integer ac leo pellentesque ultrices mattis odio donec vitae nisi nam ultrices libero non mattis pulvinar nulla pede', 'Pampa Hermosa');
insert into movie (id, name, director, actor, is_sub, is_2d, poster_url, start_date, end_date, duration, star_rating, movie_rated_age_id, description, entertainment) values (7, 'Heavy Petting', 'Cody Creenan', 'Dinny Crafts', false, true, 'https://robohash.org/enimquonam.png?size=200x300&set=set1', '2020-11-01', '2020-08-22', 201, 5, 1, 'vestibulum ac est lacinia nisi venenatis tristique fusce congue diam id ornare imperdiet sapien urna pretium nisl ut volutpat sapien arcu sed augue aliquam erat volutpat in congue etiam justo etiam pretium iaculis justo in hac habitasse platea dictumst etiam faucibus cursus urna ut tellus nulla ut erat id mauris vulputate elementum', 'Mariestad');
insert into movie (id, name, director, actor, is_sub, is_2d, poster_url, start_date, end_date, duration, star_rating, movie_rated_age_id, description, entertainment) values (8, 'Drona', 'Maryrose Gaydon', 'Lefty Sinderland', false, true, 'https://robohash.org/atemporibusvoluptatem.png?size=200x300&set=set1', '2020-11-03', '2020-11-30', 122, 5, 5, 'sit amet eros suspendisse accumsan tortor quis turpis sed ante vivamus tortor duis mattis egestas metus aenean fermentum donec ut mauris eget massa tempor convallis nulla neque libero convallis eget eleifend luctus ultricies eu nibh quisque id justo sit amet sapien dignissim vestibulum vestibulum ante ipsum primis in faucibus orci luctus', 'Pingkai');
insert into movie (id, name, director, actor, is_sub, is_2d, poster_url, start_date, end_date, duration, star_rating, movie_rated_age_id, description, entertainment) values (9, 'Greaser''s Palace', 'Trix Dawnay', 'Sanson Yanuk', true, false, 'https://robohash.org/veritatisoccaecatisuscipit.jpg?size=200x300&set=set1', '2020-11-14', '2020-08-27', 194, 4, 4, 'vivamus vestibulum sagittis sapien cum sociis natoque penatibus et magnis dis parturient montes nascetur ridiculus mus etiam vel augue vestibulum rutrum rutrum neque aenean auctor gravida sem praesent id massa id nisl venenatis lacinia aenean sit amet justo morbi ut odio cras mi pede malesuada in imperdiet et commodo vulputate justo in blandit ultrices enim lorem', 'Guangning');
insert into movie (id, name, director, actor, is_sub, is_2d, poster_url, start_date, end_date, duration, star_rating, movie_rated_age_id, description, entertainment) values (10, 'Pot O'' Gold', 'Carie Klaiser', 'Luisa Bambridge', false, false, 'https://robohash.org/etexplicabotempora.png?size=200x300&set=set1', '2020-10-27', '2020-07-18', 111, 4, 5, 'adipiscing molestie hendrerit at vulputate vitae nisl aenean lectus pellentesque eget nunc donec quis orci eget orci vehicula condimentum curabitur in libero ut massa volutpat convallis morbi odio odio elementum eu interdum eu tincidunt in leo maecenas pulvinar lobortis est phasellus sit amet erat nulla tempus vivamus in felis eu sapien', 'Gufeng');
insert into movie (id, name, director, actor, is_sub, is_2d, poster_url, start_date, end_date, duration, star_rating, movie_rated_age_id, description, entertainment) values (11, 'Late Marriage (Hatuna Meuheret)', 'Marvin Bourbon', 'Ericka Branton', true, true, 'https://robohash.org/aliquamquipossimus.bmp?size=200x300&set=set1', '2020-10-27', '2020-03-19', 146, 3, 3, 'accumsan tellus nisi eu orci mauris lacinia sapien quis libero nullam sit amet turpis elementum ligula vehicula consequat morbi a ipsum integer a nibh in quis justo maecenas rhoncus aliquam lacus morbi quis tortor id nulla ultrices aliquet maecenas leo odio condimentum id luctus nec molestie sed justo pellentesque viverra pede ac diam cras pellentesque volutpat dui', 'Ninghai');
insert into movie (id, name, director, actor, is_sub, is_2d, poster_url, start_date, end_date, duration, star_rating, movie_rated_age_id, description, entertainment) values (12, 'Anchorman 2: The Legend Continues', 'Susan Rapaport', 'Charity Falconbridge', true, true, 'https://robohash.org/inanimiofficia.jpg?size=200x300&set=set1', '2020-10-21', '2020-06-07', 189, 3, 2, 'convallis nulla neque libero convallis eget eleifend luctus ultricies eu nibh quisque id justo sit amet sapien dignissim vestibulum vestibulum ante ipsum primis in faucibus orci luctus et ultrices posuere cubilia curae nulla dapibus dolor vel est donec odio justo sollicitudin ut suscipit a feugiat et eros vestibulum ac est lacinia nisi venenatis tristique fusce congue diam id', 'Buesaco');
insert into movie (id, name, director, actor, is_sub, is_2d, poster_url, start_date, end_date, duration, star_rating, movie_rated_age_id, description, entertainment) values (13, 'Believers, The', 'Brooke Hitzschke', 'Ashely Dunham', true, false, 'https://robohash.org/corruptimagnamomnis.png?size=200x300&set=set1', '2020-11-04', '2020-06-06', 141, 5, 2, 'porta volutpat erat quisque erat eros viverra eget congue eget semper rutrum nulla nunc purus phasellus in felis donec semper sapien a libero nam dui proin leo odio porttitor id consequat in consequat ut nulla sed accumsan felis ut at dolor quis odio consequat varius integer ac leo pellentesque ultrices mattis', 'Hantai');
insert into movie (id, name, director, actor, is_sub, is_2d, poster_url, start_date, end_date, duration, star_rating, movie_rated_age_id, description, entertainment) values (14, 'Wind That Shakes the Barley, The', 'Archy Ashlee', 'Silvio Layus', false, true, 'https://robohash.org/atqueearerum.jpg?size=200x300&set=set1', '2020-10-31', '2020-06-29', 114, 5, 4, 'massa volutpat convallis morbi odio odio elementum eu interdum eu tincidunt in leo maecenas pulvinar lobortis est phasellus sit amet erat nulla tempus vivamus in felis eu sapien cursus vestibulum proin eu mi nulla ac enim in tempor turpis nec euismod scelerisque quam turpis adipiscing lorem vitae mattis nibh ligula nec', 'Minnedosa');
insert into movie (id, name, director, actor, is_sub, is_2d, poster_url, start_date, end_date, duration, star_rating, movie_rated_age_id, description, entertainment) values (15, 'Severed Arm, The', 'Loralie Hankey', 'Amelia Forsbey', true, false, 'https://robohash.org/doloremeumlibero.bmp?size=200x300&set=set1', '2020-11-12', '2020-05-31', 162, 5, 2, 'ac consequat metus sapien ut nunc vestibulum ante ipsum primis in faucibus orci luctus et ultrices posuere cubilia curae mauris viverra diam vitae quam suspendisse potenti nullam porttitor lacus at turpis donec posuere metus vitae ipsum aliquam non mauris morbi non lectus aliquam sit amet diam in magna bibendum imperdiet nullam orci pede venenatis non sodales sed tincidunt eu felis', 'Nagiba');
insert into movie (id, name, director, actor, is_sub, is_2d, poster_url, start_date, end_date, duration, star_rating, movie_rated_age_id, description, entertainment) values (16, 'From Dusk Till Dawn 2: Texas Blood Money ', 'Renie Comoletti', 'Lin Loveitt', false, true, 'https://robohash.org/sintestiste.png?size=200x300&set=set1', '2020-11-17', '2020-08-28', 177, 4, 2, 'elit proin risus praesent lectus vestibulum quam sapien varius ut blandit non interdum in ante vestibulum ante ipsum primis in faucibus orci luctus et ultrices posuere cubilia curae duis faucibus accumsan odio curabitur convallis duis consequat dui nec nisi volutpat eleifend donec ut dolor morbi vel lectus in quam fringilla rhoncus mauris enim leo rhoncus', 'Zamoskvorech’ye');
insert into movie (id, name, director, actor, is_sub, is_2d, poster_url, start_date, end_date, duration, star_rating, movie_rated_age_id, description, entertainment) values (17, 'Bogus', 'Kippar Haney', 'Eden Tripon', true, true, 'https://robohash.org/etipsumid.jpg?size=200x300&set=set1', '2020-10-28', '2020-01-17', 195, 4, 5, 'condimentum curabitur in libero ut massa volutpat convallis morbi odio odio elementum eu interdum eu tincidunt in leo maecenas pulvinar lobortis est phasellus sit amet erat nulla tempus vivamus in felis eu sapien cursus vestibulum proin eu mi nulla ac enim in tempor turpis nec euismod scelerisque quam turpis adipiscing lorem vitae mattis nibh ligula', 'Popova');
insert into movie (id, name, director, actor, is_sub, is_2d, poster_url, start_date, end_date, duration, star_rating, movie_rated_age_id, description, entertainment) values (18, 'Ascension', 'Collin Durrant', 'Ray Truin', true, true, 'https://robohash.org/cumquemolestiaeillo.jpg?size=200x300&set=set1', '2020-11-04', '2020-08-24', 140, 5, 5, 'a feugiat et eros vestibulum ac est lacinia nisi venenatis tristique fusce congue diam id ornare imperdiet sapien urna pretium nisl ut volutpat sapien arcu sed augue aliquam erat volutpat in congue etiam justo etiam pretium iaculis justo in hac habitasse platea dictumst etiam faucibus cursus urna ut tellus nulla ut erat id mauris vulputate elementum', 'Shengrenjian');
insert into movie (id, name, director, actor, is_sub, is_2d, poster_url, start_date, end_date, duration, star_rating, movie_rated_age_id, description, entertainment) values (19, 'The Pentagon Papers', 'Rodd Martinec', 'Kissie Oxlee', true, true, 'https://robohash.org/omnisquibusdamullam.jpg?size=200x300&set=set1', '2020-11-12', '2020-05-16', 115, 5, 2, 'eget elit sodales scelerisque mauris sit amet eros suspendisse accumsan tortor quis turpis sed ante vivamus tortor duis mattis egestas metus aenean fermentum donec ut mauris eget massa tempor convallis nulla neque libero convallis eget eleifend luctus ultricies eu nibh quisque id justo sit amet sapien dignissim vestibulum vestibulum ante ipsum', 'Watubura');
insert into movie (id, name, director, actor, is_sub, is_2d, poster_url, start_date, end_date, duration, star_rating, movie_rated_age_id, description, entertainment) values (20, 'Forever Mine', 'Sargent Catterell', 'Lulita Powis', false, true, 'https://robohash.org/quiipsamconsequatur.bmp?size=200x300&set=set1', '2020-10-27', '2020-07-04', 151, 4, 5, 'dui proin leo odio porttitor id consequat in consequat ut nulla sed accumsan felis ut at dolor quis odio consequat varius integer ac leo pellentesque ultrices mattis odio donec vitae nisi nam ultrices libero non mattis pulvinar nulla pede ullamcorper augue a suscipit nulla elit ac nulla sed vel enim sit amet nunc viverra', 'Bayzhansay');
insert into movie (id, name, director, actor, is_sub, is_2d, poster_url, start_date, end_date, duration, star_rating, movie_rated_age_id, description, entertainment) values (21, 'Captive (Cautiva) ', 'Clarance Weightman', 'Marcellus Rosina', true, true, 'https://robohash.org/architectoullamnam.bmp?size=200x300&set=set1', '2020-10-21', '2019-12-14', 182, 3, 5, 'mauris morbi non lectus aliquam sit amet diam in magna bibendum imperdiet nullam orci pede venenatis non sodales sed tincidunt eu felis fusce posuere felis sed lacus morbi sem mauris laoreet ut rhoncus aliquet pulvinar sed nisl nunc rhoncus dui vel sem sed sagittis nam congue risus semper porta volutpat quam pede lobortis ligula sit amet eleifend pede libero quis', 'Urayasu');
insert into movie (id, name, director, actor, is_sub, is_2d, poster_url, start_date, end_date, duration, star_rating, movie_rated_age_id, description, entertainment) values (22, 'L.A. Zombie', 'Anselma Plowell', 'Dennie Dowe', true, false, 'https://robohash.org/doloribusearumut.bmp?size=200x300&set=set1', '2020-10-28', '2019-12-24', 167, 3, 3, 'elit proin interdum mauris non ligula pellentesque ultrices phasellus id sapien in sapien iaculis congue vivamus metus arcu adipiscing molestie hendrerit at vulputate vitae nisl aenean lectus pellentesque eget nunc donec quis orci eget orci vehicula condimentum curabitur in libero ut massa volutpat convallis morbi odio odio elementum eu interdum eu tincidunt in leo maecenas pulvinar lobortis', 'Itaperuna');
insert into movie (id, name, director, actor, is_sub, is_2d, poster_url, start_date, end_date, duration, star_rating, movie_rated_age_id, description, entertainment) values (23, 'Divo, Il', 'Will Lazare', 'Grantley Danilevich', false, false, 'https://robohash.org/doloremlaudantiumporro.jpg?size=200x300&set=set1', '2020-11-01', '2020-01-09', 202, 5, 1, 'purus aliquet at feugiat non pretium quis lectus suspendisse potenti in eleifend quam a odio in hac habitasse platea dictumst maecenas ut massa quis augue luctus tincidunt nulla mollis molestie lorem quisque ut erat curabitur gravida nisi at nibh in hac habitasse platea dictumst aliquam augue quam sollicitudin vitae consectetuer eget rutrum at lorem integer tincidunt ante vel ipsum praesent', 'Złotniki Kujawskie');
insert into movie (id, name, director, actor, is_sub, is_2d, poster_url, start_date, end_date, duration, star_rating, movie_rated_age_id, description, entertainment) values (24, 'Window, The', 'Lizabeth Featherby', 'Ware Beckey', false, true, 'https://robohash.org/aliquidquivelit.jpg?size=200x300&set=set1', '2020-10-30', '2020-02-13', 178, 3, 2, 'habitasse platea dictumst maecenas ut massa quis augue luctus tincidunt nulla mollis molestie lorem quisque ut erat curabitur gravida nisi at nibh in hac habitasse platea dictumst aliquam augue quam sollicitudin vitae consectetuer eget rutrum at lorem integer tincidunt ante vel ipsum praesent blandit lacinia erat vestibulum sed magna at nunc commodo placerat praesent blandit nam nulla integer pede', 'Kashar');
insert into movie (id, name, director, actor, is_sub, is_2d, poster_url, start_date, end_date, duration, star_rating, movie_rated_age_id, description, entertainment) values (25, 'Target', 'Kendal Ciciari', 'Augustine Bayford', true, true, 'https://robohash.org/quivoluptateet.bmp?size=200x300&set=set1', '2020-11-15', '2019-12-31', 70, 3, 3, 'lorem ipsum dolor sit amet consectetuer adipiscing elit proin risus praesent lectus vestibulum quam sapien varius ut blandit non interdum in ante vestibulum ante ipsum primis in faucibus orci luctus et ultrices posuere cubilia curae duis faucibus accumsan odio curabitur convallis duis consequat dui nec nisi volutpat eleifend donec ut dolor morbi vel lectus in quam fringilla rhoncus mauris', 'Pagsabangan');
insert into movie (id, name, director, actor, is_sub, is_2d, poster_url, start_date, end_date, duration, star_rating, movie_rated_age_id, description, entertainment) values (26, 'Strongman', 'Uriah Chatan', 'Doroteya Valder', false, true, 'https://robohash.org/vitaeminimafacilis.jpg?size=200x300&set=set1', '2020-10-22', '2020-01-18', 106, 5, 3, 'quisque ut erat curabitur gravida nisi at nibh in hac habitasse platea dictumst aliquam augue quam sollicitudin vitae consectetuer eget rutrum at lorem integer tincidunt ante vel ipsum praesent blandit lacinia erat vestibulum sed magna at nunc commodo placerat praesent blandit nam nulla integer pede justo lacinia eget tincidunt eget tempus vel pede morbi', 'Tukan');
insert into movie (id, name, director, actor, is_sub, is_2d, poster_url, start_date, end_date, duration, star_rating, movie_rated_age_id, description, entertainment) values (27, 'I Saw the Devil (Akmareul boatda)', 'Burk Kidwell', 'Karim McAw', true, false, 'https://robohash.org/rerumautquis.jpg?size=200x300&set=set1', '2020-11-14', '2020-04-08', 131, 3, 4, 'est donec odio justo sollicitudin ut suscipit a feugiat et eros vestibulum ac est lacinia nisi venenatis tristique fusce congue diam id ornare imperdiet sapien urna pretium nisl ut volutpat sapien arcu sed augue aliquam erat volutpat in congue etiam justo etiam pretium iaculis justo in hac habitasse platea dictumst etiam', 'Huambalpa');
insert into movie (id, name, director, actor, is_sub, is_2d, poster_url, start_date, end_date, duration, star_rating, movie_rated_age_id, description, entertainment) values (28, 'Great McGinty, The', 'Abby Prince', 'Virgil Postance', true, true, 'https://robohash.org/minimaasperioreslibero.bmp?size=200x300&set=set1', '2020-10-26', '2020-02-02', 172, 3, 1, 'lorem vitae mattis nibh ligula nec sem duis aliquam convallis nunc proin at turpis a pede posuere nonummy integer non velit donec diam neque vestibulum eget vulputate ut ultrices vel augue vestibulum ante ipsum primis in faucibus orci luctus et ultrices posuere cubilia curae donec pharetra magna vestibulum aliquet ultrices erat tortor sollicitudin mi sit amet', 'Taihu');
insert into movie (id, name, director, actor, is_sub, is_2d, poster_url, start_date, end_date, duration, star_rating, movie_rated_age_id, description, entertainment) values (29, 'Riddick', 'Bobina Kellard', 'Vinni Matieu', false, true, 'https://robohash.org/beataeoccaecatiin.bmp?size=200x300&set=set1', '2020-11-12', '2020-09-29', 119, 5, 2, 'nascetur ridiculus mus etiam vel augue vestibulum rutrum rutrum neque aenean auctor gravida sem praesent id massa id nisl venenatis lacinia aenean sit amet justo morbi ut odio cras mi pede malesuada in imperdiet et commodo vulputate justo in blandit ultrices enim lorem ipsum dolor sit amet consectetuer adipiscing elit proin interdum mauris non ligula pellentesque ultrices phasellus id sapien', 'Yanmenkou');
insert into movie (id, name, director, actor, is_sub, is_2d, poster_url, start_date, end_date, duration, star_rating, movie_rated_age_id, description, entertainment) values (30, 'Love Affair', 'Keven Normanvell', 'Jerry Biscomb', true, false, 'https://robohash.org/etexvoluptatem.png?size=200x300&set=set1', '2020-11-04', '2020-08-05', 132, 3, 1, 'vestibulum ante ipsum primis in faucibus orci luctus et ultrices posuere cubilia curae duis faucibus accumsan odio curabitur convallis duis consequat dui nec nisi volutpat eleifend donec ut dolor morbi vel lectus in quam fringilla rhoncus mauris enim leo rhoncus sed vestibulum sit amet cursus id turpis integer aliquet massa id lobortis convallis tortor risus dapibus augue vel', 'Puchong');
insert into movie (id, name, director, actor, is_sub, is_2d, poster_url, start_date, end_date, duration, star_rating, movie_rated_age_id, description, entertainment) values (31, 'My Boy Jack', 'Fedora Monelli', 'Ebba Adame', false, false, 'https://robohash.org/utdelectusdolorum.png?size=200x300&set=set1', '2020-10-25', '2020-09-24', 197, 5, 5, 'nulla mollis molestie lorem quisque ut erat curabitur gravida nisi at nibh in hac habitasse platea dictumst aliquam augue quam sollicitudin vitae consectetuer eget rutrum at lorem integer tincidunt ante vel ipsum praesent blandit lacinia erat vestibulum sed magna at nunc commodo placerat praesent blandit nam nulla integer pede justo lacinia eget tincidunt eget tempus vel pede', 'Wanghu');
insert into movie (id, name, director, actor, is_sub, is_2d, poster_url, start_date, end_date, duration, star_rating, movie_rated_age_id, description, entertainment) values (32, 'Nurse Betty', 'Arlana Jellicorse', 'Kania Happert', false, false, 'https://robohash.org/sitveritatisofficia.png?size=200x300&set=set1', '2020-10-28', '2020-01-28', 156, 3, 5, 'morbi sem mauris laoreet ut rhoncus aliquet pulvinar sed nisl nunc rhoncus dui vel sem sed sagittis nam congue risus semper porta volutpat quam pede lobortis ligula sit amet eleifend pede libero quis orci nullam molestie nibh in lectus pellentesque at nulla suspendisse potenti cras in purus eu magna vulputate luctus', 'Beixiang');
insert into movie (id, name, director, actor, is_sub, is_2d, poster_url, start_date, end_date, duration, star_rating, movie_rated_age_id, description, entertainment) values (33, 'Girl Said No, The', 'Hally Eringey', 'Diena Hurran', false, true, 'https://robohash.org/teneturvelquia.jpg?size=200x300&set=set1', '2020-11-15', '2020-08-11', 139, 5, 3, 'nisl nunc nisl duis bibendum felis sed interdum venenatis turpis enim blandit mi in porttitor pede justo eu massa donec dapibus duis at velit eu est congue elementum in hac habitasse platea dictumst morbi vestibulum velit id pretium iaculis diam erat fermentum justo nec condimentum neque sapien placerat ante nulla justo aliquam quis turpis eget elit sodales scelerisque', 'Kolonowskie');
insert into movie (id, name, director, actor, is_sub, is_2d, poster_url, start_date, end_date, duration, star_rating, movie_rated_age_id, description, entertainment) values (34, 'Devil''s Knot', 'Ophelia Jarrad', 'Allyn Grayer', true, false, 'https://robohash.org/solutadoloribusinventore.bmp?size=200x300&set=set1', '2020-11-04', '2020-03-14', 188, 4, 3, 'tempus vivamus in felis eu sapien cursus vestibulum proin eu mi nulla ac enim in tempor turpis nec euismod scelerisque quam turpis adipiscing lorem vitae mattis nibh ligula nec sem duis aliquam convallis nunc proin at turpis a pede posuere nonummy integer non velit donec diam neque vestibulum eget vulputate', 'Águas Formosas');
insert into movie (id, name, director, actor, is_sub, is_2d, poster_url, start_date, end_date, duration, star_rating, movie_rated_age_id, description, entertainment) values (35, 'Kiss Them for Me', 'Marika Gaine of England', 'Skipton Kadwallider', false, false, 'https://robohash.org/utmodiarchitecto.jpg?size=200x300&set=set1', '2020-11-03', '2020-07-11', 116, 5, 1, 'vestibulum ante ipsum primis in faucibus orci luctus et ultrices posuere cubilia curae donec pharetra magna vestibulum aliquet ultrices erat tortor sollicitudin mi sit amet lobortis sapien sapien non mi integer ac neque duis bibendum morbi non quam nec dui luctus rutrum nulla tellus in sagittis dui vel nisl duis ac', 'Nanton');
insert into movie (id, name, director, actor, is_sub, is_2d, poster_url, start_date, end_date, duration, star_rating, movie_rated_age_id, description, entertainment) values (36, 'Mother', 'Lilias Coupman', 'Sandor Spira', true, false, 'https://robohash.org/eligendimolestiaevel.png?size=200x300&set=set1', '2020-11-09', '2020-02-28', 158, 3, 1, 'eu nibh quisque id justo sit amet sapien dignissim vestibulum vestibulum ante ipsum primis in faucibus orci luctus et ultrices posuere cubilia curae nulla dapibus dolor vel est donec odio justo sollicitudin ut suscipit a feugiat et eros vestibulum ac est lacinia nisi venenatis tristique fusce congue diam id ornare imperdiet sapien urna pretium nisl ut volutpat sapien arcu sed', 'Xinmatou');
insert into movie (id, name, director, actor, is_sub, is_2d, poster_url, start_date, end_date, duration, star_rating, movie_rated_age_id, description, entertainment) values (37, 'Behind the Screen', 'Brennan Toun', 'Farley Coleby', true, true, 'https://robohash.org/beataequiomnis.bmp?size=200x300&set=set1', '2020-10-31', '2020-09-29', 118, 4, 5, 'facilisi cras non velit nec nisi vulputate nonummy maecenas tincidunt lacus at velit vivamus vel nulla eget eros elementum pellentesque quisque porta volutpat erat quisque erat eros viverra eget congue eget semper rutrum nulla nunc purus phasellus in felis donec semper sapien a libero nam dui proin leo odio porttitor', 'Fuji');
insert into movie (id, name, director, actor, is_sub, is_2d, poster_url, start_date, end_date, duration, star_rating, movie_rated_age_id, description, entertainment) values (38, '30 Minutes or Less', 'Robinette Moorhouse', 'Perice Lappin', false, true, 'https://robohash.org/suntvoluptatemofficia.png?size=200x300&set=set1', '2020-10-31', '2020-04-29', 179, 3, 3, 'ut erat id mauris vulputate elementum nullam varius nulla facilisi cras non velit nec nisi vulputate nonummy maecenas tincidunt lacus at velit vivamus vel nulla eget eros elementum pellentesque quisque porta volutpat erat quisque erat eros viverra eget congue eget semper rutrum nulla nunc purus phasellus in felis donec semper sapien a libero nam', 'Alcanena');
insert into movie (id, name, director, actor, is_sub, is_2d, poster_url, start_date, end_date, duration, star_rating, movie_rated_age_id, description, entertainment) values (39, 'Soo (Art of Revenge)', 'Agosto Allcott', 'Tome Brocket', true, true, 'https://robohash.org/repudiandaeessefuga.bmp?size=200x300&set=set1', '2020-11-15', '2020-02-12', 60, 4, 4, 'augue vestibulum ante ipsum primis in faucibus orci luctus et ultrices posuere cubilia curae donec pharetra magna vestibulum aliquet ultrices erat tortor sollicitudin mi sit amet lobortis sapien sapien non mi integer ac neque duis bibendum morbi non quam nec dui luctus rutrum nulla tellus in sagittis dui vel nisl duis ac nibh fusce lacus purus aliquet at feugiat', 'Balsas');
insert into movie (id, name, director, actor, is_sub, is_2d, poster_url, start_date, end_date, duration, star_rating, movie_rated_age_id, description, entertainment) values (40, 'Sugar Cane Alley (Rue cases nègres)', 'Vivianne McAuley', 'Trip Royston', true, true, 'https://robohash.org/autemquaeratquis.jpg?size=200x300&set=set1', '2020-11-01', '2020-11-15', 193, 4, 2, 'velit nec nisi vulputate nonummy maecenas tincidunt lacus at velit vivamus vel nulla eget eros elementum pellentesque quisque porta volutpat erat quisque erat eros viverra eget congue eget semper rutrum nulla nunc purus phasellus in felis donec semper sapien a libero nam dui proin leo odio porttitor id consequat in', 'Nashville');
insert into movie (id, name, director, actor, is_sub, is_2d, poster_url, start_date, end_date, duration, star_rating, movie_rated_age_id, description, entertainment) values (41, 'Dead Within', 'Kiri Bloodworthe', 'Duffy Rulf', false, false, 'https://robohash.org/teneturquonumquam.bmp?size=200x300&set=set1', '2020-11-17', '2020-10-03', 147, 4, 2, 'nulla mollis molestie lorem quisque ut erat curabitur gravida nisi at nibh in hac habitasse platea dictumst aliquam augue quam sollicitudin vitae consectetuer eget rutrum at lorem integer tincidunt ante vel ipsum praesent blandit lacinia erat vestibulum sed magna at nunc commodo placerat praesent blandit nam nulla integer pede justo lacinia eget tincidunt eget', 'Iwonicz-Zdrój');
insert into movie (id, name, director, actor, is_sub, is_2d, poster_url, start_date, end_date, duration, star_rating, movie_rated_age_id, description, entertainment) values (42, 'Journey, The', 'Trescha Bradane', 'Sunny Mallabar', false, true, 'https://robohash.org/cupiditatevoluptatibusnihil.png?size=200x300&set=set1', '2020-10-25', '2020-11-18', 61, 5, 1, 'augue luctus tincidunt nulla mollis molestie lorem quisque ut erat curabitur gravida nisi at nibh in hac habitasse platea dictumst aliquam augue quam sollicitudin vitae consectetuer eget rutrum at lorem integer tincidunt ante vel ipsum praesent blandit lacinia erat vestibulum sed magna at nunc commodo placerat praesent blandit nam nulla integer pede justo lacinia eget', 'Lagoa Santa');
insert into movie (id, name, director, actor, is_sub, is_2d, poster_url, start_date, end_date, duration, star_rating, movie_rated_age_id, description, entertainment) values (43, 'Camera Obscura', 'Zsazsa McGarvey', 'Joete Ridgedell', false, true, 'https://robohash.org/pariaturdistinctioet.png?size=200x300&set=set1', '2020-10-23', '2020-05-27', 161, 4, 4, 'turpis donec posuere metus vitae ipsum aliquam non mauris morbi non lectus aliquam sit amet diam in magna bibendum imperdiet nullam orci pede venenatis non sodales sed tincidunt eu felis fusce posuere felis sed lacus morbi sem mauris laoreet ut rhoncus aliquet pulvinar sed nisl nunc rhoncus dui vel sem sed sagittis nam', 'Ak’ordat');
insert into movie (id, name, director, actor, is_sub, is_2d, poster_url, start_date, end_date, duration, star_rating, movie_rated_age_id, description, entertainment) values (44, 'I Want You', 'Adan Blamires', 'Cami Stratton', false, false, 'https://robohash.org/etsuntarchitecto.jpg?size=200x300&set=set1', '2020-10-25', '2020-09-16', 119, 4, 4, 'cubilia curae nulla dapibus dolor vel est donec odio justo sollicitudin ut suscipit a feugiat et eros vestibulum ac est lacinia nisi venenatis tristique fusce congue diam id ornare imperdiet sapien urna pretium nisl ut volutpat sapien arcu sed augue aliquam erat volutpat in congue etiam justo etiam pretium iaculis justo in hac habitasse', 'Pirava');
insert into movie (id, name, director, actor, is_sub, is_2d, poster_url, start_date, end_date, duration, star_rating, movie_rated_age_id, description, entertainment) values (45, 'Carnival of Souls', 'Seumas Kintzel', 'Evangelin Balk', false, false, 'https://robohash.org/autemillumin.bmp?size=200x300&set=set1', '2020-11-17', '2020-11-17', 63, 4, 5, 'donec ut dolor morbi vel lectus in quam fringilla rhoncus mauris enim leo rhoncus sed vestibulum sit amet cursus id turpis integer aliquet massa id lobortis convallis tortor risus dapibus augue vel accumsan tellus nisi eu orci mauris lacinia sapien quis libero nullam sit amet turpis elementum ligula vehicula consequat morbi a', 'Las Flores');
insert into movie (id, name, director, actor, is_sub, is_2d, poster_url, start_date, end_date, duration, star_rating, movie_rated_age_id, description, entertainment) values (46, 'Human Behavior Experiments, The', 'Florence Drewitt', 'Gaby Aleshkov', false, false, 'https://robohash.org/corrupticumqueaut.bmp?size=200x300&set=set1', '2020-10-22', '2020-09-08', 81, 5, 1, 'volutpat convallis morbi odio odio elementum eu interdum eu tincidunt in leo maecenas pulvinar lobortis est phasellus sit amet erat nulla tempus vivamus in felis eu sapien cursus vestibulum proin eu mi nulla ac enim in tempor turpis nec euismod scelerisque quam turpis adipiscing lorem vitae mattis nibh ligula nec sem duis aliquam convallis nunc proin', 'Chaloem Phra Kiat');
insert into movie (id, name, director, actor, is_sub, is_2d, poster_url, start_date, end_date, duration, star_rating, movie_rated_age_id, description, entertainment) values (47, 'Breaking News (Daai si gin)', 'Garold Rotham', 'Roxie Grigorkin', true, true, 'https://robohash.org/facereconsequaturreprehenderit.png?size=200x300&set=set1', '2020-11-02', '2019-12-09', 103, 5, 4, 'magna ac consequat metus sapien ut nunc vestibulum ante ipsum primis in faucibus orci luctus et ultrices posuere cubilia curae mauris viverra diam vitae quam suspendisse potenti nullam porttitor lacus at turpis donec posuere metus vitae ipsum aliquam non mauris morbi non lectus aliquam sit amet diam in magna bibendum imperdiet nullam orci pede venenatis non sodales', 'Dingbu');
insert into movie (id, name, director, actor, is_sub, is_2d, poster_url, start_date, end_date, duration, star_rating, movie_rated_age_id, description, entertainment) values (48, 'Forgiven', 'Laurene Gemlett', 'Lionello Blaik', true, true, 'https://robohash.org/suntutearum.bmp?size=200x300&set=set1', '2020-10-30', '2020-09-17', 196, 3, 2, 'proin risus praesent lectus vestibulum quam sapien varius ut blandit non interdum in ante vestibulum ante ipsum primis in faucibus orci luctus et ultrices posuere cubilia curae duis faucibus accumsan odio curabitur convallis duis consequat dui nec nisi volutpat eleifend donec ut dolor morbi vel lectus in quam fringilla rhoncus', 'Oranmore');
insert into movie (id, name, director, actor, is_sub, is_2d, poster_url, start_date, end_date, duration, star_rating, movie_rated_age_id, description, entertainment) values (49, '6 Desires: DH Lawrence and Sardinia', 'Di Durning', 'Glynis Vittery', true, false, 'https://robohash.org/velametet.bmp?size=200x300&set=set1', '2020-10-23', '2020-08-24', 188, 5, 1, 'eget congue eget semper rutrum nulla nunc purus phasellus in felis donec semper sapien a libero nam dui proin leo odio porttitor id consequat in consequat ut nulla sed accumsan felis ut at dolor quis odio consequat varius integer ac leo pellentesque ultrices mattis odio donec vitae nisi nam ultrices libero non mattis pulvinar nulla pede ullamcorper', 'Ayaviri');
insert into movie (id, name, director, actor, is_sub, is_2d, poster_url, start_date, end_date, duration, star_rating, movie_rated_age_id, description, entertainment) values (50, 'Operator 13', 'Egbert McCaighey', 'Llywellyn Coleridge', false, true, 'https://robohash.org/earepellendusvoluptas.bmp?size=200x300&set=set1', '2020-10-23', '2019-12-13', 229, 4, 5, 'venenatis non sodales sed tincidunt eu felis fusce posuere felis sed lacus morbi sem mauris laoreet ut rhoncus aliquet pulvinar sed nisl nunc rhoncus dui vel sem sed sagittis nam congue risus semper porta volutpat quam pede lobortis ligula sit amet eleifend pede libero quis orci nullam molestie nibh in lectus pellentesque at nulla suspendisse potenti cras in purus', 'Shishi');
insert into movie (id, name, director, actor, is_sub, is_2d, poster_url, start_date, end_date, duration, star_rating, movie_rated_age_id, description, entertainment) values (51, 'Duellists, The', 'Rachael Churly', 'Welsh Filchagin', false, false, 'https://robohash.org/idvoluptatelibero.png?size=200x300&set=set1', '2020-10-27', '2020-06-11', 166, 3, 3, 'sagittis sapien cum sociis natoque penatibus et magnis dis parturient montes nascetur ridiculus mus etiam vel augue vestibulum rutrum rutrum neque aenean auctor gravida sem praesent id massa id nisl venenatis lacinia aenean sit amet justo morbi ut odio cras mi pede malesuada in imperdiet et commodo vulputate justo in blandit ultrices enim lorem ipsum dolor sit amet consectetuer adipiscing', 'Qalqaman');
insert into movie (id, name, director, actor, is_sub, is_2d, poster_url, start_date, end_date, duration, star_rating, movie_rated_age_id, description, entertainment) values (52, 'Ernest in the Army', 'Erskine Flaune', 'Knox Blastock', true, true, 'https://robohash.org/numquameiusitaque.bmp?size=200x300&set=set1', '2020-10-21', '2020-03-12', 168, 3, 2, 'et eros vestibulum ac est lacinia nisi venenatis tristique fusce congue diam id ornare imperdiet sapien urna pretium nisl ut volutpat sapien arcu sed augue aliquam erat volutpat in congue etiam justo etiam pretium iaculis justo in hac habitasse platea dictumst etiam faucibus cursus urna ut tellus nulla ut erat id mauris vulputate elementum nullam', 'Mujiangping');
insert into movie (id, name, director, actor, is_sub, is_2d, poster_url, start_date, end_date, duration, star_rating, movie_rated_age_id, description, entertainment) values (53, 'Harlan County U.S.A.', 'Raina Ferreli', 'Seth Reinger', false, false, 'https://robohash.org/asinttenetur.jpg?size=200x300&set=set1', '2020-11-06', '2020-10-11', 63, 3, 1, 'mauris morbi non lectus aliquam sit amet diam in magna bibendum imperdiet nullam orci pede venenatis non sodales sed tincidunt eu felis fusce posuere felis sed lacus morbi sem mauris laoreet ut rhoncus aliquet pulvinar sed nisl nunc rhoncus dui vel sem sed sagittis nam congue risus semper porta volutpat quam pede lobortis ligula sit amet eleifend', 'Piteå');
insert into movie (id, name, director, actor, is_sub, is_2d, poster_url, start_date, end_date, duration, star_rating, movie_rated_age_id, description, entertainment) values (54, 'Move Over, Darling', 'Cathyleen Cordingly', 'Deedee Adelberg', true, false, 'https://robohash.org/cupiditateautut.bmp?size=200x300&set=set1', '2020-11-06', '2020-10-25', 82, 4, 5, 'vestibulum ac est lacinia nisi venenatis tristique fusce congue diam id ornare imperdiet sapien urna pretium nisl ut volutpat sapien arcu sed augue aliquam erat volutpat in congue etiam justo etiam pretium iaculis justo in hac habitasse platea dictumst etiam faucibus cursus urna ut tellus nulla ut erat id mauris vulputate elementum nullam varius nulla facilisi cras non velit', 'Bailai');
insert into movie (id, name, director, actor, is_sub, is_2d, poster_url, start_date, end_date, duration, star_rating, movie_rated_age_id, description, entertainment) values (55, 'Comic Book Villains', 'Milton Gabbot', 'Avivah Exer', false, false, 'https://robohash.org/sinteumlaudantium.png?size=200x300&set=set1', '2020-11-12', '2020-02-13', 229, 5, 2, 'congue elementum in hac habitasse platea dictumst morbi vestibulum velit id pretium iaculis diam erat fermentum justo nec condimentum neque sapien placerat ante nulla justo aliquam quis turpis eget elit sodales scelerisque mauris sit amet eros suspendisse accumsan tortor quis turpis sed ante vivamus tortor duis mattis egestas metus aenean fermentum donec ut mauris eget', 'Jönköping');
insert into movie (id, name, director, actor, is_sub, is_2d, poster_url, start_date, end_date, duration, star_rating, movie_rated_age_id, description, entertainment) values (56, 'There Goes My Heart', 'Lindsey Tatnell', 'Phillip Snaddin', false, true, 'https://robohash.org/minimavoluptatemquia.png?size=200x300&set=set1', '2020-11-09', '2020-10-11', 93, 5, 5, 'ornare consequat lectus in est risus auctor sed tristique in tempus sit amet sem fusce consequat nulla nisl nunc nisl duis bibendum felis sed interdum venenatis turpis enim blandit mi in porttitor pede justo eu massa donec dapibus duis at velit eu est congue elementum in hac habitasse platea dictumst morbi vestibulum velit id pretium', 'Ballyboden');
insert into movie (id, name, director, actor, is_sub, is_2d, poster_url, start_date, end_date, duration, star_rating, movie_rated_age_id, description, entertainment) values (57, 'Surf''s Up', 'Nixie Ghioni', 'Zollie Brandin', true, true, 'https://robohash.org/velestvoluptas.jpg?size=200x300&set=set1', '2020-10-25', '2020-01-01', 129, 3, 5, 'vel pede morbi porttitor lorem id ligula suspendisse ornare consequat lectus in est risus auctor sed tristique in tempus sit amet sem fusce consequat nulla nisl nunc nisl duis bibendum felis sed interdum venenatis turpis enim blandit mi in porttitor pede justo eu massa donec dapibus duis at velit eu est congue elementum in hac habitasse platea dictumst morbi', 'Dagua');
insert into movie (id, name, director, actor, is_sub, is_2d, poster_url, start_date, end_date, duration, star_rating, movie_rated_age_id, description, entertainment) values (58, 'Last Godfather, The', 'Riobard Pimbley', 'Giavani Kieran', false, false, 'https://robohash.org/consequunturquirepellat.jpg?size=200x300&set=set1', '2020-11-15', '2020-11-02', 228, 5, 2, 'etiam justo etiam pretium iaculis justo in hac habitasse platea dictumst etiam faucibus cursus urna ut tellus nulla ut erat id mauris vulputate elementum nullam varius nulla facilisi cras non velit nec nisi vulputate nonummy maecenas tincidunt lacus at velit vivamus vel nulla eget eros elementum pellentesque quisque porta volutpat erat quisque erat eros viverra', 'Kamsack');
insert into movie (id, name, director, actor, is_sub, is_2d, poster_url, start_date, end_date, duration, star_rating, movie_rated_age_id, description, entertainment) values (59, 'Paradise, Hawaiian Style', 'Farrah Birdwistle', 'Maryann Reis', true, false, 'https://robohash.org/nihilquibusdampraesentium.jpg?size=200x300&set=set1', '2020-11-12', '2020-09-23', 70, 5, 4, 'in magna bibendum imperdiet nullam orci pede venenatis non sodales sed tincidunt eu felis fusce posuere felis sed lacus morbi sem mauris laoreet ut rhoncus aliquet pulvinar sed nisl nunc rhoncus dui vel sem sed sagittis nam congue risus semper porta volutpat quam pede lobortis ligula sit amet eleifend pede', 'Stony Hill');
insert into movie (id, name, director, actor, is_sub, is_2d, poster_url, start_date, end_date, duration, star_rating, movie_rated_age_id, description, entertainment) values (60, 'Vollidiot', 'Lynelle McLarens', 'Vasilis Di Napoli', true, false, 'https://robohash.org/voluptasautiure.jpg?size=200x300&set=set1', '2020-10-31', '2020-06-01', 208, 4, 2, 'penatibus et magnis dis parturient montes nascetur ridiculus mus vivamus vestibulum sagittis sapien cum sociis natoque penatibus et magnis dis parturient montes nascetur ridiculus mus etiam vel augue vestibulum rutrum rutrum neque aenean auctor gravida sem praesent id massa id nisl venenatis lacinia aenean sit amet justo morbi ut odio cras mi pede malesuada in imperdiet et', 'Jawor');
insert into movie (id, name, director, actor, is_sub, is_2d, poster_url, start_date, end_date, duration, star_rating, movie_rated_age_id, description, entertainment) values (61, 'Hour of the Gun', 'Sibyl Pena', 'Roscoe Latimer', false, false, 'https://robohash.org/evenietnumquamcumque.jpg?size=200x300&set=set1', '2020-11-13', '2020-01-15', 208, 4, 1, 'a feugiat et eros vestibulum ac est lacinia nisi venenatis tristique fusce congue diam id ornare imperdiet sapien urna pretium nisl ut volutpat sapien arcu sed augue aliquam erat volutpat in congue etiam justo etiam pretium iaculis justo in hac habitasse platea dictumst etiam faucibus cursus urna ut tellus nulla ut erat id mauris vulputate elementum nullam varius nulla', 'Ojos de Agua');
insert into movie (id, name, director, actor, is_sub, is_2d, poster_url, start_date, end_date, duration, star_rating, movie_rated_age_id, description, entertainment) values (62, 'My Boyfriend''s Back', 'Lesli Baigrie', 'Shandy Drane', true, false, 'https://robohash.org/laboriosampariaturmollitia.png?size=200x300&set=set1', '2020-10-22', '2020-09-27', 167, 5, 2, 'sapien varius ut blandit non interdum in ante vestibulum ante ipsum primis in faucibus orci luctus et ultrices posuere cubilia curae duis faucibus accumsan odio curabitur convallis duis consequat dui nec nisi volutpat eleifend donec ut dolor morbi vel lectus in quam fringilla rhoncus mauris enim leo rhoncus sed vestibulum sit amet cursus id', 'Loreto');
insert into movie (id, name, director, actor, is_sub, is_2d, poster_url, start_date, end_date, duration, star_rating, movie_rated_age_id, description, entertainment) values (63, 'Undefeatable', 'Juditha Bebbington', 'Timi Larrie', true, false, 'https://robohash.org/quosnostrumet.bmp?size=200x300&set=set1', '2020-11-12', '2020-10-30', 185, 4, 5, 'in porttitor pede justo eu massa donec dapibus duis at velit eu est congue elementum in hac habitasse platea dictumst morbi vestibulum velit id pretium iaculis diam erat fermentum justo nec condimentum neque sapien placerat ante nulla justo aliquam quis turpis eget elit sodales scelerisque mauris sit amet eros suspendisse', 'Astghadzor');
insert into movie (id, name, director, actor, is_sub, is_2d, poster_url, start_date, end_date, duration, star_rating, movie_rated_age_id, description, entertainment) values (64, 'Dead or Alive: Hanzaisha', 'Kippy Glyne', 'Alyssa Pabelik', false, true, 'https://robohash.org/magnamimpeditatque.png?size=200x300&set=set1', '2020-11-09', '2020-02-23', 209, 4, 2, 'ipsum primis in faucibus orci luctus et ultrices posuere cubilia curae mauris viverra diam vitae quam suspendisse potenti nullam porttitor lacus at turpis donec posuere metus vitae ipsum aliquam non mauris morbi non lectus aliquam sit amet diam in magna bibendum imperdiet nullam orci pede venenatis non sodales sed tincidunt', 'Gigante');
insert into movie (id, name, director, actor, is_sub, is_2d, poster_url, start_date, end_date, duration, star_rating, movie_rated_age_id, description, entertainment) values (65, 'In Country', 'Estella Figgess', 'Hyacinth Letson', false, true, 'https://robohash.org/quasiquinatus.png?size=200x300&set=set1', '2020-10-24', '2020-12-12', 80, 3, 5, 'suspendisse accumsan tortor quis turpis sed ante vivamus tortor duis mattis egestas metus aenean fermentum donec ut mauris eget massa tempor convallis nulla neque libero convallis eget eleifend luctus ultricies eu nibh quisque id justo sit amet sapien dignissim vestibulum vestibulum ante ipsum primis in faucibus orci luctus et ultrices posuere cubilia curae nulla dapibus dolor vel est', 'Mujur');
insert into movie (id, name, director, actor, is_sub, is_2d, poster_url, start_date, end_date, duration, star_rating, movie_rated_age_id, description, entertainment) values (66, 'The Story of Robin Hood and His Merrie Men', 'Nikki Toovey', 'Vidovik Addicote', true, false, 'https://robohash.org/quaeullamvitae.jpg?size=200x300&set=set1', '2020-11-05', '2020-08-07', 191, 5, 4, 'sed lacus morbi sem mauris laoreet ut rhoncus aliquet pulvinar sed nisl nunc rhoncus dui vel sem sed sagittis nam congue risus semper porta volutpat quam pede lobortis ligula sit amet eleifend pede libero quis orci nullam molestie nibh in lectus pellentesque at nulla suspendisse potenti cras in purus eu magna vulputate luctus cum sociis natoque penatibus', 'Qindu');
insert into movie (id, name, director, actor, is_sub, is_2d, poster_url, start_date, end_date, duration, star_rating, movie_rated_age_id, description, entertainment) values (67, 'The Boy Next Door', 'Jeno Gooden', 'Hyman Coleridge', true, false, 'https://robohash.org/perferendisipsamofficia.jpg?size=200x300&set=set1', '2020-10-23', '2020-10-30', 147, 3, 2, 'urna pretium nisl ut volutpat sapien arcu sed augue aliquam erat volutpat in congue etiam justo etiam pretium iaculis justo in hac habitasse platea dictumst etiam faucibus cursus urna ut tellus nulla ut erat id mauris vulputate elementum nullam varius nulla facilisi cras non velit nec nisi vulputate nonummy maecenas tincidunt lacus at', 'Bobrovka');
insert into movie (id, name, director, actor, is_sub, is_2d, poster_url, start_date, end_date, duration, star_rating, movie_rated_age_id, description, entertainment) values (68, 'Missing, The', 'Faina Moulden', 'Raul Sudy', false, true, 'https://robohash.org/quomodinostrum.bmp?size=200x300&set=set1', '2020-10-24', '2020-11-09', 88, 3, 4, 'pede justo eu massa donec dapibus duis at velit eu est congue elementum in hac habitasse platea dictumst morbi vestibulum velit id pretium iaculis diam erat fermentum justo nec condimentum neque sapien placerat ante nulla justo aliquam quis turpis eget elit sodales scelerisque mauris sit amet eros suspendisse accumsan tortor quis turpis sed ante', 'Takasaki');
insert into movie (id, name, director, actor, is_sub, is_2d, poster_url, start_date, end_date, duration, star_rating, movie_rated_age_id, description, entertainment) values (69, 'Liv & Ingmar', 'Blondelle Cheel', 'Malinda Swalowe', false, false, 'https://robohash.org/assumendaquosrerum.png?size=200x300&set=set1', '2020-10-28', '2020-11-13', 146, 3, 5, 'rutrum at lorem integer tincidunt ante vel ipsum praesent blandit lacinia erat vestibulum sed magna at nunc commodo placerat praesent blandit nam nulla integer pede justo lacinia eget tincidunt eget tempus vel pede morbi porttitor lorem id ligula suspendisse ornare consequat lectus in est risus auctor sed tristique in tempus sit amet sem fusce consequat', 'Eixo');
insert into movie (id, name, director, actor, is_sub, is_2d, poster_url, start_date, end_date, duration, star_rating, movie_rated_age_id, description, entertainment) values (70, 'Homecoming, The', 'Joice Pedican', 'Elvera Brahm', true, false, 'https://robohash.org/utliberovoluptatem.png?size=200x300&set=set1', '2020-11-10', '2020-05-01', 154, 5, 3, 'lectus pellentesque at nulla suspendisse potenti cras in purus eu magna vulputate luctus cum sociis natoque penatibus et magnis dis parturient montes nascetur ridiculus mus vivamus vestibulum sagittis sapien cum sociis natoque penatibus et magnis dis parturient montes nascetur ridiculus mus etiam vel augue vestibulum rutrum rutrum neque aenean auctor gravida sem praesent id massa id', 'Paris 02');
insert into movie (id, name, director, actor, is_sub, is_2d, poster_url, start_date, end_date, duration, star_rating, movie_rated_age_id, description, entertainment) values (71, 'K-11', 'Stephie Buterton', 'Al Tyrone', true, true, 'https://robohash.org/sintutet.bmp?size=200x300&set=set1', '2020-10-24', '2020-04-29', 160, 4, 2, 'ut massa volutpat convallis morbi odio odio elementum eu interdum eu tincidunt in leo maecenas pulvinar lobortis est phasellus sit amet erat nulla tempus vivamus in felis eu sapien cursus vestibulum proin eu mi nulla ac enim in tempor turpis nec euismod scelerisque quam turpis adipiscing lorem vitae mattis nibh ligula nec sem duis aliquam convallis', 'Deneysville');
insert into movie (id, name, director, actor, is_sub, is_2d, poster_url, start_date, end_date, duration, star_rating, movie_rated_age_id, description, entertainment) values (72, 'Memories of Underdevelopment (Memorias del subdesarrollo)', 'Gusella Sherrum', 'Lorrie McGilmartin', true, true, 'https://robohash.org/saepeenimexercitationem.bmp?size=200x300&set=set1', '2020-11-01', '2019-12-13', 123, 5, 5, 'rhoncus aliquam lacus morbi quis tortor id nulla ultrices aliquet maecenas leo odio condimentum id luctus nec molestie sed justo pellentesque viverra pede ac diam cras pellentesque volutpat dui maecenas tristique est et tempus semper est quam pharetra magna ac consequat metus sapien ut nunc vestibulum ante ipsum primis in faucibus orci luctus et ultrices', 'Luojiang');
insert into movie (id, name, director, actor, is_sub, is_2d, poster_url, start_date, end_date, duration, star_rating, movie_rated_age_id, description, entertainment) values (73, 'Creation', 'Jermaine Ravenshear', 'Jaime Jeynes', false, false, 'https://robohash.org/earumenimdolor.bmp?size=200x300&set=set1', '2020-11-03', '2020-06-13', 224, 5, 1, 'adipiscing lorem vitae mattis nibh ligula nec sem duis aliquam convallis nunc proin at turpis a pede posuere nonummy integer non velit donec diam neque vestibulum eget vulputate ut ultrices vel augue vestibulum ante ipsum primis in faucibus orci luctus et ultrices posuere cubilia curae donec pharetra magna vestibulum aliquet ultrices erat tortor sollicitudin mi', 'Jieznas');
insert into movie (id, name, director, actor, is_sub, is_2d, poster_url, start_date, end_date, duration, star_rating, movie_rated_age_id, description, entertainment) values (74, 'Contagion / Bio Slime', 'Bondy Kulvear', 'Nicoli Benedidick', false, true, 'https://robohash.org/assumendarerumalias.png?size=200x300&set=set1', '2020-10-30', '2020-05-27', 171, 3, 2, 'nisl nunc rhoncus dui vel sem sed sagittis nam congue risus semper porta volutpat quam pede lobortis ligula sit amet eleifend pede libero quis orci nullam molestie nibh in lectus pellentesque at nulla suspendisse potenti cras in purus eu magna vulputate luctus cum sociis natoque penatibus et magnis dis parturient montes nascetur', 'Rosmalen');
insert into movie (id, name, director, actor, is_sub, is_2d, poster_url, start_date, end_date, duration, star_rating, movie_rated_age_id, description, entertainment) values (75, 'Book of Life, The', 'Eberto Gaitone', 'Shadow Stennard', true, false, 'https://robohash.org/utdoloremnemo.png?size=200x300&set=set1', '2020-10-31', '2020-05-20', 209, 5, 2, 'magnis dis parturient montes nascetur ridiculus mus vivamus vestibulum sagittis sapien cum sociis natoque penatibus et magnis dis parturient montes nascetur ridiculus mus etiam vel augue vestibulum rutrum rutrum neque aenean auctor gravida sem praesent id massa id nisl venenatis lacinia aenean sit amet justo morbi ut odio cras mi pede malesuada in imperdiet et commodo vulputate', 'Marignane');
insert into movie (id, name, director, actor, is_sub, is_2d, poster_url, start_date, end_date, duration, star_rating, movie_rated_age_id, description, entertainment) values (76, 'End of Poverty, The', 'Agace Simpson', 'Dennison Coathup', false, false, 'https://robohash.org/nostrumautin.png?size=200x300&set=set1', '2020-10-28', '2020-10-10', 208, 4, 1, 'lorem integer tincidunt ante vel ipsum praesent blandit lacinia erat vestibulum sed magna at nunc commodo placerat praesent blandit nam nulla integer pede justo lacinia eget tincidunt eget tempus vel pede morbi porttitor lorem id ligula suspendisse ornare consequat lectus in est risus auctor sed tristique in tempus sit amet', 'Yingjiang');
insert into movie (id, name, director, actor, is_sub, is_2d, poster_url, start_date, end_date, duration, star_rating, movie_rated_age_id, description, entertainment) values (77, 'Last Airbender, The', 'Boothe Breeze', 'Gabriella Donativo', true, true, 'https://robohash.org/blanditiisquidemveniam.png?size=200x300&set=set1', '2020-11-10', '2020-03-30', 208, 4, 3, 'sed tristique in tempus sit amet sem fusce consequat nulla nisl nunc nisl duis bibendum felis sed interdum venenatis turpis enim blandit mi in porttitor pede justo eu massa donec dapibus duis at velit eu est congue elementum in hac habitasse platea dictumst morbi vestibulum velit id pretium iaculis diam', 'Boroko');
insert into movie (id, name, director, actor, is_sub, is_2d, poster_url, start_date, end_date, duration, star_rating, movie_rated_age_id, description, entertainment) values (78, 'The Girls', 'Foster Pie', 'Randa Bleaden', true, true, 'https://robohash.org/nihilofficiisquo.jpg?size=200x300&set=set1', '2020-11-14', '2020-06-06', 220, 5, 4, 'sodales scelerisque mauris sit amet eros suspendisse accumsan tortor quis turpis sed ante vivamus tortor duis mattis egestas metus aenean fermentum donec ut mauris eget massa tempor convallis nulla neque libero convallis eget eleifend luctus ultricies eu nibh quisque id justo sit amet sapien dignissim vestibulum vestibulum ante ipsum primis in faucibus orci luctus et ultrices posuere cubilia', 'Yuto');
insert into movie (id, name, director, actor, is_sub, is_2d, poster_url, start_date, end_date, duration, star_rating, movie_rated_age_id, description, entertainment) values (79, 'Easy Rider', 'Guilbert Shawe', 'Rahal Treversh', false, false, 'https://robohash.org/animisitadipisci.bmp?size=200x300&set=set1', '2020-11-11', '2020-04-22', 136, 4, 1, 'nam nulla integer pede justo lacinia eget tincidunt eget tempus vel pede morbi porttitor lorem id ligula suspendisse ornare consequat lectus in est risus auctor sed tristique in tempus sit amet sem fusce consequat nulla nisl nunc nisl duis bibendum felis sed interdum venenatis turpis enim blandit mi in porttitor pede', 'Leping');
insert into movie (id, name, director, actor, is_sub, is_2d, poster_url, start_date, end_date, duration, star_rating, movie_rated_age_id, description, entertainment) values (80, 'Felix the Cat: The Movie', 'Duncan Ulrik', 'Gib Statton', false, true, 'https://robohash.org/dolorumutexcepturi.jpg?size=200x300&set=set1', '2020-10-21', '2020-02-17', 208, 3, 3, 'viverra eget congue eget semper rutrum nulla nunc purus phasellus in felis donec semper sapien a libero nam dui proin leo odio porttitor id consequat in consequat ut nulla sed accumsan felis ut at dolor quis odio consequat varius integer ac leo pellentesque ultrices mattis odio donec vitae nisi nam ultrices', 'Bungoma');
insert into movie (id, name, director, actor, is_sub, is_2d, poster_url, start_date, end_date, duration, star_rating, movie_rated_age_id, description, entertainment) values (81, 'Birds, the Bees and the Italians, The (Signore & signori)', 'Lew Lanning', 'Chick Sherman', false, true, 'https://robohash.org/nullaconsequatureum.jpg?size=200x300&set=set1', '2020-10-25', '2020-09-20', 125, 4, 5, 'bibendum felis sed interdum venenatis turpis enim blandit mi in porttitor pede justo eu massa donec dapibus duis at velit eu est congue elementum in hac habitasse platea dictumst morbi vestibulum velit id pretium iaculis diam erat fermentum justo nec condimentum neque sapien placerat ante nulla justo aliquam quis turpis eget elit sodales scelerisque mauris sit amet eros', 'Koufália');
insert into movie (id, name, director, actor, is_sub, is_2d, poster_url, start_date, end_date, duration, star_rating, movie_rated_age_id, description, entertainment) values (82, 'Navigator, The', 'Wang Damiral', 'Tiebout Bodley', true, true, 'https://robohash.org/velitfugitasperiores.png?size=200x300&set=set1', '2020-10-29', '2020-03-06', 156, 4, 4, 'pellentesque volutpat dui maecenas tristique est et tempus semper est quam pharetra magna ac consequat metus sapien ut nunc vestibulum ante ipsum primis in faucibus orci luctus et ultrices posuere cubilia curae mauris viverra diam vitae quam suspendisse potenti nullam porttitor lacus at turpis donec posuere metus vitae ipsum aliquam non mauris morbi non lectus aliquam sit amet diam in', 'Zhouhe');
insert into movie (id, name, director, actor, is_sub, is_2d, poster_url, start_date, end_date, duration, star_rating, movie_rated_age_id, description, entertainment) values (83, 'American Hustle', 'Katinka Danes', 'Caitrin Tuckey', false, false, 'https://robohash.org/voluptatemfaceredolorem.png?size=200x300&set=set1', '2020-10-28', '2020-02-27', 206, 4, 5, 'quis odio consequat varius integer ac leo pellentesque ultrices mattis odio donec vitae nisi nam ultrices libero non mattis pulvinar nulla pede ullamcorper augue a suscipit nulla elit ac nulla sed vel enim sit amet nunc viverra dapibus nulla suscipit ligula in lacus curabitur at ipsum ac tellus semper interdum mauris ullamcorper purus sit amet', 'Badou');
insert into movie (id, name, director, actor, is_sub, is_2d, poster_url, start_date, end_date, duration, star_rating, movie_rated_age_id, description, entertainment) values (84, 'Painted Veil, The', 'Ashlie Belham', 'Meagan Jagiello', false, true, 'https://robohash.org/etvoluptatumfacere.jpg?size=200x300&set=set1', '2020-11-09', '2019-12-05', 195, 5, 5, 'nec nisi volutpat eleifend donec ut dolor morbi vel lectus in quam fringilla rhoncus mauris enim leo rhoncus sed vestibulum sit amet cursus id turpis integer aliquet massa id lobortis convallis tortor risus dapibus augue vel accumsan tellus nisi eu orci mauris lacinia sapien quis libero nullam sit amet turpis elementum ligula', 'Salamanca');
insert into movie (id, name, director, actor, is_sub, is_2d, poster_url, start_date, end_date, duration, star_rating, movie_rated_age_id, description, entertainment) values (85, 'Age of Innocence, The', 'Mae Tingle', 'Gabby Zamudio', true, false, 'https://robohash.org/perspiciatisnostrumnumquam.png?size=200x300&set=set1', '2020-10-29', '2019-12-16', 212, 3, 3, 'praesent blandit nam nulla integer pede justo lacinia eget tincidunt eget tempus vel pede morbi porttitor lorem id ligula suspendisse ornare consequat lectus in est risus auctor sed tristique in tempus sit amet sem fusce consequat nulla nisl nunc nisl duis bibendum felis sed interdum venenatis turpis enim blandit mi in porttitor', 'Gingsir');
insert into movie (id, name, director, actor, is_sub, is_2d, poster_url, start_date, end_date, duration, star_rating, movie_rated_age_id, description, entertainment) values (86, 'How to Marry a Millionaire', 'Hubey Tummond', 'Cass Meeks', false, false, 'https://robohash.org/earumautemfacere.bmp?size=200x300&set=set1', '2020-11-11', '2020-11-15', 63, 4, 5, 'nunc purus phasellus in felis donec semper sapien a libero nam dui proin leo odio porttitor id consequat in consequat ut nulla sed accumsan felis ut at dolor quis odio consequat varius integer ac leo pellentesque ultrices mattis odio donec vitae nisi nam ultrices libero non mattis pulvinar nulla pede ullamcorper augue a suscipit nulla elit ac nulla sed vel', 'Cikaung');
insert into movie (id, name, director, actor, is_sub, is_2d, poster_url, start_date, end_date, duration, star_rating, movie_rated_age_id, description, entertainment) values (87, 'Godzilla''s Revenge (Gojira-Minira-Gabara: Oru Kaijû Daishingeki) (All Monsters Attack)', 'Jacquelynn Leguey', 'Raquel Pickersgill', false, false, 'https://robohash.org/temporequiamollitia.jpg?size=200x300&set=set1', '2020-10-30', '2019-11-24', 207, 5, 5, 'in felis donec semper sapien a libero nam dui proin leo odio porttitor id consequat in consequat ut nulla sed accumsan felis ut at dolor quis odio consequat varius integer ac leo pellentesque ultrices mattis odio donec vitae nisi nam ultrices libero non mattis pulvinar nulla pede ullamcorper augue a suscipit nulla elit', '城郊');
insert into movie (id, name, director, actor, is_sub, is_2d, poster_url, start_date, end_date, duration, star_rating, movie_rated_age_id, description, entertainment) values (88, 'Napoléon', 'Lotty Heaton', 'Alaster Brookes', false, false, 'https://robohash.org/teneturasperioresnobis.bmp?size=200x300&set=set1', '2020-11-14', '2020-04-29', 135, 4, 4, 'etiam justo etiam pretium iaculis justo in hac habitasse platea dictumst etiam faucibus cursus urna ut tellus nulla ut erat id mauris vulputate elementum nullam varius nulla facilisi cras non velit nec nisi vulputate nonummy maecenas tincidunt lacus at velit vivamus vel nulla eget eros elementum pellentesque quisque porta volutpat', 'Rajhrad');
insert into movie (id, name, director, actor, is_sub, is_2d, poster_url, start_date, end_date, duration, star_rating, movie_rated_age_id, description, entertainment) values (89, 'Brainstorm', 'Purcell Smiz', 'Tania Dimbylow', true, false, 'https://robohash.org/voluptatemofficialaboriosam.bmp?size=200x300&set=set1', '2020-10-28', '2020-06-02', 229, 4, 1, 'cras in purus eu magna vulputate luctus cum sociis natoque penatibus et magnis dis parturient montes nascetur ridiculus mus vivamus vestibulum sagittis sapien cum sociis natoque penatibus et magnis dis parturient montes nascetur ridiculus mus etiam vel augue vestibulum rutrum rutrum neque aenean auctor gravida sem praesent id massa id nisl venenatis lacinia aenean', 'Songlong');
insert into movie (id, name, director, actor, is_sub, is_2d, poster_url, start_date, end_date, duration, star_rating, movie_rated_age_id, description, entertainment) values (90, 'Highlander II: The Quickening', 'Niels Stower', 'Lorri Volke', true, true, 'https://robohash.org/quisetinventore.png?size=200x300&set=set1', '2020-10-27', '2020-05-02', 67, 4, 4, 'mauris viverra diam vitae quam suspendisse potenti nullam porttitor lacus at turpis donec posuere metus vitae ipsum aliquam non mauris morbi non lectus aliquam sit amet diam in magna bibendum imperdiet nullam orci pede venenatis non sodales sed tincidunt eu felis fusce posuere felis sed lacus morbi sem mauris laoreet ut rhoncus aliquet pulvinar', 'Cimanggu');
insert into movie (id, name, director, actor, is_sub, is_2d, poster_url, start_date, end_date, duration, star_rating, movie_rated_age_id, description, entertainment) values (91, 'Bird of Prey', 'Donnie Junkin', 'Johanna Drust', false, true, 'https://robohash.org/ullamlaudantiumfuga.png?size=200x300&set=set1', '2020-11-11', '2020-05-02', 221, 4, 5, 'tempus vel pede morbi porttitor lorem id ligula suspendisse ornare consequat lectus in est risus auctor sed tristique in tempus sit amet sem fusce consequat nulla nisl nunc nisl duis bibendum felis sed interdum venenatis turpis enim blandit mi in porttitor pede justo eu massa donec dapibus duis at velit eu est congue elementum in hac', 'Nonggunong');
insert into movie (id, name, director, actor, is_sub, is_2d, poster_url, start_date, end_date, duration, star_rating, movie_rated_age_id, description, entertainment) values (92, 'Revenge of the Nerds IV: Nerds in Love', 'Gisela Reding', 'Tamiko Abendroth', true, false, 'https://robohash.org/deseruntenimlaudantium.jpg?size=200x300&set=set1', '2020-11-08', '2019-12-11', 202, 5, 3, 'consequat in consequat ut nulla sed accumsan felis ut at dolor quis odio consequat varius integer ac leo pellentesque ultrices mattis odio donec vitae nisi nam ultrices libero non mattis pulvinar nulla pede ullamcorper augue a suscipit nulla elit ac nulla sed vel enim sit amet nunc viverra dapibus nulla suscipit ligula in lacus curabitur', 'Pakkat');
insert into movie (id, name, director, actor, is_sub, is_2d, poster_url, start_date, end_date, duration, star_rating, movie_rated_age_id, description, entertainment) values (93, 'Rewrite, The', 'Priscella Heiton', 'Hewett Nardi', true, false, 'https://robohash.org/velodionon.jpg?size=200x300&set=set1', '2020-11-11', '2020-05-29', 178, 3, 5, 'at velit eu est congue elementum in hac habitasse platea dictumst morbi vestibulum velit id pretium iaculis diam erat fermentum justo nec condimentum neque sapien placerat ante nulla justo aliquam quis turpis eget elit sodales scelerisque mauris sit amet eros suspendisse accumsan tortor quis turpis sed ante vivamus tortor duis mattis egestas metus aenean fermentum donec ut mauris', 'Nangalisan');
insert into movie (id, name, director, actor, is_sub, is_2d, poster_url, start_date, end_date, duration, star_rating, movie_rated_age_id, description, entertainment) values (94, 'F/X', 'Arty Dellenbrook', 'Ashlee Alfwy', false, true, 'https://robohash.org/sintvoluptatemautem.jpg?size=200x300&set=set1', '2020-11-13', '2020-04-23', 73, 5, 2, 'at vulputate vitae nisl aenean lectus pellentesque eget nunc donec quis orci eget orci vehicula condimentum curabitur in libero ut massa volutpat convallis morbi odio odio elementum eu interdum eu tincidunt in leo maecenas pulvinar lobortis est phasellus sit amet erat nulla tempus vivamus in felis eu sapien cursus vestibulum proin', 'Madruga');
insert into movie (id, name, director, actor, is_sub, is_2d, poster_url, start_date, end_date, duration, star_rating, movie_rated_age_id, description, entertainment) values (95, 'Joy Ride', 'Carmella Waymont', 'Dallon Vercruysse', false, true, 'https://robohash.org/quidemetomnis.png?size=200x300&set=set1', '2020-11-08', '2019-11-24', 61, 5, 1, 'morbi sem mauris laoreet ut rhoncus aliquet pulvinar sed nisl nunc rhoncus dui vel sem sed sagittis nam congue risus semper porta volutpat quam pede lobortis ligula sit amet eleifend pede libero quis orci nullam molestie nibh in lectus pellentesque at nulla suspendisse potenti cras in purus eu magna vulputate luctus cum sociis natoque penatibus et magnis dis', 'Kabala');
insert into movie (id, name, director, actor, is_sub, is_2d, poster_url, start_date, end_date, duration, star_rating, movie_rated_age_id, description, entertainment) values (96, 'The First Movie', 'Benedetta Scrymgeour', 'Alain Haggith', true, true, 'https://robohash.org/distinctioaccusamusdeleniti.jpg?size=200x300&set=set1', '2020-11-15', '2020-11-28', 168, 5, 1, 'vestibulum sit amet cursus id turpis integer aliquet massa id lobortis convallis tortor risus dapibus augue vel accumsan tellus nisi eu orci mauris lacinia sapien quis libero nullam sit amet turpis elementum ligula vehicula consequat morbi a ipsum integer a nibh in quis justo maecenas rhoncus aliquam lacus morbi quis tortor id nulla ultrices aliquet maecenas', 'Swindon');
insert into movie (id, name, director, actor, is_sub, is_2d, poster_url, start_date, end_date, duration, star_rating, movie_rated_age_id, description, entertainment) values (97, 'Lovers, The (Les Amants)', 'Iormina Jerrome', 'Andrea Dominetti', true, false, 'https://robohash.org/suntnihilmollitia.bmp?size=200x300&set=set1', '2020-10-27', '2020-02-07', 69, 5, 4, 'eu orci mauris lacinia sapien quis libero nullam sit amet turpis elementum ligula vehicula consequat morbi a ipsum integer a nibh in quis justo maecenas rhoncus aliquam lacus morbi quis tortor id nulla ultrices aliquet maecenas leo odio condimentum id luctus nec molestie sed justo pellentesque viverra pede ac diam cras pellentesque volutpat dui maecenas tristique est', 'Tygda');
insert into movie (id, name, director, actor, is_sub, is_2d, poster_url, start_date, end_date, duration, star_rating, movie_rated_age_id, description, entertainment) values (98, 'Excuse Me Darling, But Lucas Loved Me', 'Olivero Matton', 'Dwight Tayloe', true, false, 'https://robohash.org/aliquideteos.jpg?size=200x300&set=set1', '2020-11-04', '2020-03-20', 167, 4, 3, 'maecenas tristique est et tempus semper est quam pharetra magna ac consequat metus sapien ut nunc vestibulum ante ipsum primis in faucibus orci luctus et ultrices posuere cubilia curae mauris viverra diam vitae quam suspendisse potenti nullam porttitor lacus at turpis donec posuere metus vitae ipsum aliquam non mauris morbi non lectus aliquam sit amet diam in magna', 'Sop Moei');
insert into movie (id, name, director, actor, is_sub, is_2d, poster_url, start_date, end_date, duration, star_rating, movie_rated_age_id, description, entertainment) values (99, 'Gangster Squad', 'Benji Halshaw', 'Evita Joanic', true, false, 'https://robohash.org/eumliberoquisquam.bmp?size=200x300&set=set1', '2020-10-23', '2020-03-12', 137, 5, 5, 'rhoncus mauris enim leo rhoncus sed vestibulum sit amet cursus id turpis integer aliquet massa id lobortis convallis tortor risus dapibus augue vel accumsan tellus nisi eu orci mauris lacinia sapien quis libero nullam sit amet turpis elementum ligula vehicula consequat morbi a ipsum integer a nibh in quis justo', 'Eldoret');
insert into movie (id, name, director, actor, is_sub, is_2d, poster_url, start_date, end_date, duration, star_rating, movie_rated_age_id, description, entertainment) values (100, 'DEFCON: The Documentary', 'Kayle Clayson', 'Pembroke Adne', true, true, 'https://robohash.org/suntbeataeest.png?size=200x300&set=set1', '2020-11-17', '2020-09-30', 123, 5, 4, 'sed augue aliquam erat volutpat in congue etiam justo etiam pretium iaculis justo in hac habitasse platea dictumst etiam faucibus cursus urna ut tellus nulla ut erat id mauris vulputate elementum nullam varius nulla facilisi cras non velit nec nisi vulputate nonummy maecenas tincidunt lacus at velit vivamus vel nulla eget eros elementum pellentesque quisque porta', 'Farsta');


insert into movie_genre_associate (id, movie_id, movie_genre_type_id) values (1, 46, 7);
insert into movie_genre_associate (id, movie_id, movie_genre_type_id) values (2, 63, 3);
insert into movie_genre_associate (id, movie_id, movie_genre_type_id) values (3, 41, 1);
insert into movie_genre_associate (id, movie_id, movie_genre_type_id) values (4, 66, 2);
insert into movie_genre_associate (id, movie_id, movie_genre_type_id) values (5, 72, 3);
insert into movie_genre_associate (id, movie_id, movie_genre_type_id) values (6, 85, 2);
insert into movie_genre_associate (id, movie_id, movie_genre_type_id) values (7, 83, 5);
insert into movie_genre_associate (id, movie_id, movie_genre_type_id) values (8, 39, 7);
insert into movie_genre_associate (id, movie_id, movie_genre_type_id) values (9, 92, 5);
insert into movie_genre_associate (id, movie_id, movie_genre_type_id) values (10, 29, 2);
insert into movie_genre_associate (id, movie_id, movie_genre_type_id) values (11, 90, 5);
insert into movie_genre_associate (id, movie_id, movie_genre_type_id) values (12, 77, 1);
insert into movie_genre_associate (id, movie_id, movie_genre_type_id) values (13, 72, 4);
insert into movie_genre_associate (id, movie_id, movie_genre_type_id) values (14, 10, 6);
insert into movie_genre_associate (id, movie_id, movie_genre_type_id) values (15, 34, 7);
insert into movie_genre_associate (id, movie_id, movie_genre_type_id) values (16, 34, 7);
insert into movie_genre_associate (id, movie_id, movie_genre_type_id) values (17, 48, 4);
insert into movie_genre_associate (id, movie_id, movie_genre_type_id) values (18, 38, 1);
insert into movie_genre_associate (id, movie_id, movie_genre_type_id) values (19, 2, 6);
insert into movie_genre_associate (id, movie_id, movie_genre_type_id) values (20, 92, 5);
insert into movie_genre_associate (id, movie_id, movie_genre_type_id) values (21, 38, 7);
insert into movie_genre_associate (id, movie_id, movie_genre_type_id) values (22, 37, 5);
insert into movie_genre_associate (id, movie_id, movie_genre_type_id) values (23, 36, 3);
insert into movie_genre_associate (id, movie_id, movie_genre_type_id) values (24, 77, 2);
insert into movie_genre_associate (id, movie_id, movie_genre_type_id) values (25, 46, 7);
insert into movie_genre_associate (id, movie_id, movie_genre_type_id) values (26, 87, 6);
insert into movie_genre_associate (id, movie_id, movie_genre_type_id) values (27, 83, 5);
insert into movie_genre_associate (id, movie_id, movie_genre_type_id) values (28, 73, 2);
insert into movie_genre_associate (id, movie_id, movie_genre_type_id) values (29, 96, 3);
insert into movie_genre_associate (id, movie_id, movie_genre_type_id) values (30, 16, 3);
insert into movie_genre_associate (id, movie_id, movie_genre_type_id) values (31, 35, 2);
insert into movie_genre_associate (id, movie_id, movie_genre_type_id) values (32, 2, 4);
insert into movie_genre_associate (id, movie_id, movie_genre_type_id) values (33, 84, 2);
insert into movie_genre_associate (id, movie_id, movie_genre_type_id) values (34, 46, 7);
insert into movie_genre_associate (id, movie_id, movie_genre_type_id) values (35, 33, 4);
insert into movie_genre_associate (id, movie_id, movie_genre_type_id) values (36, 66, 2);
insert into movie_genre_associate (id, movie_id, movie_genre_type_id) values (37, 7, 5);
insert into movie_genre_associate (id, movie_id, movie_genre_type_id) values (38, 43, 3);
insert into movie_genre_associate (id, movie_id, movie_genre_type_id) values (39, 15, 3);
insert into movie_genre_associate (id, movie_id, movie_genre_type_id) values (40, 58, 4);
insert into movie_genre_associate (id, movie_id, movie_genre_type_id) values (41, 65, 2);
insert into movie_genre_associate (id, movie_id, movie_genre_type_id) values (42, 72, 2);
insert into movie_genre_associate (id, movie_id, movie_genre_type_id) values (43, 37, 6);
insert into movie_genre_associate (id, movie_id, movie_genre_type_id) values (44, 58, 4);
insert into movie_genre_associate (id, movie_id, movie_genre_type_id) values (45, 75, 4);
insert into movie_genre_associate (id, movie_id, movie_genre_type_id) values (46, 1, 1);
insert into movie_genre_associate (id, movie_id, movie_genre_type_id) values (47, 42, 5);
insert into movie_genre_associate (id, movie_id, movie_genre_type_id) values (48, 90, 3);
insert into movie_genre_associate (id, movie_id, movie_genre_type_id) values (49, 32, 4);
insert into movie_genre_associate (id, movie_id, movie_genre_type_id) values (50, 26, 2);
insert into movie_genre_associate (id, movie_id, movie_genre_type_id) values (51, 1, 3);
insert into movie_genre_associate (id, movie_id, movie_genre_type_id) values (52, 51, 4);
insert into movie_genre_associate (id, movie_id, movie_genre_type_id) values (53, 61, 2);
insert into movie_genre_associate (id, movie_id, movie_genre_type_id) values (54, 78, 5);
insert into movie_genre_associate (id, movie_id, movie_genre_type_id) values (55, 48, 3);
insert into movie_genre_associate (id, movie_id, movie_genre_type_id) values (56, 22, 4);
insert into movie_genre_associate (id, movie_id, movie_genre_type_id) values (57, 75, 4);
insert into movie_genre_associate (id, movie_id, movie_genre_type_id) values (58, 69, 7);
insert into movie_genre_associate (id, movie_id, movie_genre_type_id) values (59, 21, 5);
insert into movie_genre_associate (id, movie_id, movie_genre_type_id) values (60, 55, 5);
insert into movie_genre_associate (id, movie_id, movie_genre_type_id) values (61, 9, 5);
insert into movie_genre_associate (id, movie_id, movie_genre_type_id) values (62, 93, 4);
insert into movie_genre_associate (id, movie_id, movie_genre_type_id) values (63, 63, 6);
insert into movie_genre_associate (id, movie_id, movie_genre_type_id) values (64, 47, 6);
insert into movie_genre_associate (id, movie_id, movie_genre_type_id) values (65, 89, 6);
insert into movie_genre_associate (id, movie_id, movie_genre_type_id) values (66, 14, 1);
insert into movie_genre_associate (id, movie_id, movie_genre_type_id) values (67, 81, 6);
insert into movie_genre_associate (id, movie_id, movie_genre_type_id) values (68, 82, 5);
insert into movie_genre_associate (id, movie_id, movie_genre_type_id) values (69, 54, 4);
insert into movie_genre_associate (id, movie_id, movie_genre_type_id) values (70, 18, 2);
insert into movie_genre_associate (id, movie_id, movie_genre_type_id) values (71, 44, 1);
insert into movie_genre_associate (id, movie_id, movie_genre_type_id) values (72, 100, 1);
insert into movie_genre_associate (id, movie_id, movie_genre_type_id) values (73, 88, 3);
insert into movie_genre_associate (id, movie_id, movie_genre_type_id) values (74, 2, 6);
insert into movie_genre_associate (id, movie_id, movie_genre_type_id) values (75, 78, 2);
insert into movie_genre_associate (id, movie_id, movie_genre_type_id) values (76, 98, 2);
insert into movie_genre_associate (id, movie_id, movie_genre_type_id) values (77, 87, 6);
insert into movie_genre_associate (id, movie_id, movie_genre_type_id) values (78, 52, 3);
insert into movie_genre_associate (id, movie_id, movie_genre_type_id) values (79, 59, 5);
insert into movie_genre_associate (id, movie_id, movie_genre_type_id) values (80, 41, 1);
insert into movie_genre_associate (id, movie_id, movie_genre_type_id) values (81, 10, 3);
insert into movie_genre_associate (id, movie_id, movie_genre_type_id) values (82, 75, 2);
insert into movie_genre_associate (id, movie_id, movie_genre_type_id) values (83, 33, 7);
insert into movie_genre_associate (id, movie_id, movie_genre_type_id) values (84, 81, 3);
insert into movie_genre_associate (id, movie_id, movie_genre_type_id) values (85, 64, 1);
insert into movie_genre_associate (id, movie_id, movie_genre_type_id) values (86, 98, 6);
insert into movie_genre_associate (id, movie_id, movie_genre_type_id) values (87, 97, 7);
insert into movie_genre_associate (id, movie_id, movie_genre_type_id) values (88, 52, 1);
insert into movie_genre_associate (id, movie_id, movie_genre_type_id) values (89, 78, 4);
insert into movie_genre_associate (id, movie_id, movie_genre_type_id) values (90, 62, 5);
insert into movie_genre_associate (id, movie_id, movie_genre_type_id) values (91, 43, 4);
insert into movie_genre_associate (id, movie_id, movie_genre_type_id) values (92, 25, 6);
insert into movie_genre_associate (id, movie_id, movie_genre_type_id) values (93, 27, 4);
insert into movie_genre_associate (id, movie_id, movie_genre_type_id) values (94, 10, 3);
insert into movie_genre_associate (id, movie_id, movie_genre_type_id) values (95, 40, 2);
insert into movie_genre_associate (id, movie_id, movie_genre_type_id) values (96, 60, 7);
insert into movie_genre_associate (id, movie_id, movie_genre_type_id) values (97, 100, 2);
insert into movie_genre_associate (id, movie_id, movie_genre_type_id) values (98, 9, 1);
insert into movie_genre_associate (id, movie_id, movie_genre_type_id) values (99, 76, 5);
insert into movie_genre_associate (id, movie_id, movie_genre_type_id) values (100, 99, 4);


insert into hall_type (id, name, description) values (1, 'Terrain', 'pede lobortis ligula sit amet eleifs vesntes');
insert into hall_type (id, name, description) values (2, 'Murciélago', 'libero convallis eget luctus eodio justo sollicitudin ut');
insert into hall_type (id, name, description) values (3, '960', 'cursus urna ut tellus nulla ut erat id maurieemper');
insert into hall_type (id, name, description) values (4, 'S10', 'ipsum integer a nibh in quis justo maecenas rrra pede ac diam');
insert into hall_type (id, name, description) values (5, 'A4', 'dolor sit amet consectetuer adipiscing re cubinec nisi');
insert into hall_type (id, name, description) values (6, 'SLS-Class', 'eu tincidunt in leo maecenais a pede');
insert into hall_type (id, name, description) values (7, 'Camry Solara', 'aliquet massa id lobortis convallis tortoer augue a s tellus');
insert into hall_type (id, name, description) values (9, 'Celica', 'in felis donec semper sapien a libentesque');
insert into hall_type (id, name, description) values (10, 'Esteem', 'at velit eu est congue elementum in hac habitam ila jurpis sed ante');
insert into hall_type (id, name, description) values (11, 'G-Series G30', 'magna vulputate luctus cum rturient montes');
insert into hall_type (id, name, description) values (12, 'FJ Cruiser', 'vestibulum ante ipsum primis in c nisi volutpat umsan');
insert into hall_type (id, name, description) values (13, 'Colorado', 'justo pellentesque vivequam phpsum prcus at turpis');
insert into hall_type (id, name, description) values (14, 'CL', 'massa id lobortis convallis tortor risus dapibus a id luctus');
insert into hall_type (id, name, description) values (15, 'Vigor', 'pellentesque eget nunc donec quis orci eget ons sit amet');






insert into location (id, name) values (1, 'Tokyo');
insert into location (id, name) values (2, 'Ha Noi');
insert into location (id, name) values (3, 'Singaporte');
insert into location (id, name) values (4, 'New York');
insert into location (id, name) values (5, 'Beijing');





insert into theatre (id, location_id, name, admin_id) values (1, 4, 'Accord', 19);
insert into theatre (id, location_id, name, admin_id) values (2, 3, 'Range Rover', 22);
insert into theatre (id, location_id, name, admin_id) values (3, 3, 'Frontier', 6);
insert into theatre (id, location_id, name, admin_id) values (4, 5, 'Mazda6', 12);
insert into theatre (id, location_id, name, admin_id) values (5, 1, 'Golf', 19);
insert into theatre (id, location_id, name, admin_id) values (6, 2, '900', 11);
insert into theatre (id, location_id, name, admin_id) values (7, 5, 'Corvette', 10);
insert into theatre (id, location_id, name, admin_id) values (8, 3, 'Silverado', 19);
insert into theatre (id, location_id, name, admin_id) values (9, 4, 'S4', 14);
insert into theatre (id, location_id, name, admin_id) values (10, 4, 'Trooper', 13);
insert into theatre (id, location_id, name, admin_id) values (11, 4, 'CLK-Class', 18);
insert into theatre (id, location_id, name, admin_id) values (12, 4, 'Ram Wagon B250', 4);
insert into theatre (id, location_id, name, admin_id) values (13, 4, 'Grand Prix', 24);
insert into theatre (id, location_id, name, admin_id) values (14, 2, 'H3T', 16);
insert into theatre (id, location_id, name, admin_id) values (15, 1, 'TT', 18);
insert into theatre (id, location_id, name, admin_id) values (16, 5, 'MKS', 11);
insert into theatre (id, location_id, name, admin_id) values (17, 2, '4Runner', 22);
insert into theatre (id, location_id, name, admin_id) values (18, 3, 'Suburban 2500', 21);
insert into theatre (id, location_id, name, admin_id) values (19, 2, '2500 Club Coupe', 16);
insert into theatre (id, location_id, name, admin_id) values (20, 4, 'Aerostar', 13);
insert into theatre (id, location_id, name, admin_id) values (21, 4, 'Justy', 20);
insert into theatre (id, location_id, name, admin_id) values (22, 3, '57', 3);
insert into theatre (id, location_id, name, admin_id) values (23, 5, 'Rendezvous', 2);
insert into theatre (id, location_id, name, admin_id) values (24, 3, 'S60', 4);
insert into theatre (id, location_id, name, admin_id) values (25, 3, 'Sportvan G20', 13);




insert into hall (id, name, seat_quantity, hall_type_id, theatre_id) values (1, 'Grand Cherokee', 69, 5, 7);
insert into hall (id, name, seat_quantity, hall_type_id, theatre_id) values (2, 'Taurus', 58, 4, 12);
insert into hall (id, name, seat_quantity, hall_type_id, theatre_id) values (3, 'Sportage', 56, 1, 22);
insert into hall (id, name, seat_quantity, hall_type_id, theatre_id) values (4, 'Firefly', 69, 5, 15);
insert into hall (id, name, seat_quantity, hall_type_id, theatre_id) values (5, 'CL-Class', 54, 5, 8);
insert into hall (id, name, seat_quantity, hall_type_id, theatre_id) values (6, 'CX-7', 60, 1, 3);
insert into hall (id, name, seat_quantity, hall_type_id, theatre_id) values (7, 'Grand Prix', 62, 1, 8);
insert into hall (id, name, seat_quantity, hall_type_id, theatre_id) values (8, 'Reno', 51, 1, 24);
insert into hall (id, name, seat_quantity, hall_type_id, theatre_id) values (9, 'Dakota', 60, 1, 14);
insert into hall (id, name, seat_quantity, hall_type_id, theatre_id) values (10, '911', 60, 2, 22);
insert into hall (id, name, seat_quantity, hall_type_id, theatre_id) values (11, 'Echo', 70, 1, 18);
insert into hall (id, name, seat_quantity, hall_type_id, theatre_id) values (12, 'F-Series Super Duty', 52, 4, 8);
insert into hall (id, name, seat_quantity, hall_type_id, theatre_id) values (13, '300CE', 69, 3, 19);
insert into hall (id, name, seat_quantity, hall_type_id, theatre_id) values (14, 'Mazdaspeed 3', 58, 2, 14);
insert into hall (id, name, seat_quantity, hall_type_id, theatre_id) values (15, 'F-Series', 58, 3, 12);



insert into `show` (id, start_time, hall_id, movie_id, price, description, isearly) values (1, '2020-11-20', 8, 30, 25.4, 'vitae nisi nam ultrices libero non', false);
insert into `show` (id, start_time, hall_id, movie_id, price, description, isearly) values (2, '2020-11-07', 12, 58, 43.0, 'ipsum dolor sit amet consectetuer adipiscing', false);
insert into `show` (id, start_time, hall_id, movie_id, price, description, isearly) values (3, '2020-10-23', 6, 14, 37.0, 'pellentesque quisque porta volutpat erat', false);
insert into `show` (id, start_time, hall_id, movie_id, price, description, isearly) values (4, '2020-11-12', 1, 77, 33.2, 'nunc purus phasellus in felis donec semper', false);
insert into `show` (id, start_time, hall_id, movie_id, price, description, isearly) values (5, '2020-11-10', 4, 79, 23.6, 'at turpis donec posuere metus vitae ipsum', true);
insert into `show` (id, start_time, hall_id, movie_id, price, description, isearly) values (6, '2020-11-15', 2, 85, 44.1, 'purus phasellus in felis donec semper sapien', true);
insert into `show` (id, start_time, hall_id, movie_id, price, description, isearly) values (7, '2020-11-10', 7, 51, 37.7, 'in hac habitasse platea dictumst etiam', true);
insert into `show` (id, start_time, hall_id, movie_id, price, description, isearly) values (8, '2020-11-08', 15, 49, 29.6, 'morbi non lectus aliquam sit amet', false);
insert into `show` (id, start_time, hall_id, movie_id, price, description, isearly) values (9, '2020-11-04', 15, 29, 22.0, 'mauris vulputate elementum nullam varius nulla', true);
insert into `show` (id, start_time, hall_id, movie_id, price, description, isearly) values (10, '2020-11-14', 6, 66, 25.7, 'adipiscing lorem vitae mattis nibh', true);
insert into `show` (id, start_time, hall_id, movie_id, price, description, isearly) values (11, '2020-10-24', 3, 22, 45.7, 'sit amet lobortis sapien sapien', false);
insert into `show` (id, start_time, hall_id, movie_id, price, description, isearly) values (12, '2020-10-28', 2, 91, 27.1, 'justo in blandit ultrices enim', true);
insert into `show` (id, start_time, hall_id, movie_id, price, description, isearly) values (13, '2020-10-25', 13, 80, 23.5, 'lorem quisque ut erat curabitur gravida nisi', false);
insert into `show` (id, start_time, hall_id, movie_id, price, description, isearly) values (14, '2020-10-29', 11, 46, 27.4, 'pulvinar sed nisl nunc rhoncus dui', true);
insert into `show` (id, start_time, hall_id, movie_id, price, description, isearly) values (15, '2020-11-02', 9, 7, 41.9, 'in hac habitasse platea dictumst maecenas ut', false);
insert into `show` (id, start_time, hall_id, movie_id, price, description, isearly) values (16, '2020-11-04', 12, 65, 34.4, 'ipsum dolor sit amet consectetuer adipiscing elit', true);
insert into `show` (id, start_time, hall_id, movie_id, price, description, isearly) values (17, '2020-11-03', 10, 84, 40.9, 'condimentum curabitur in libero ut massa', false);
insert into `show` (id, start_time, hall_id, movie_id, price, description, isearly) values (18, '2020-11-03', 4, 20, 29.2, 'orci luctus et ultrices posuere', false);
insert into `show` (id, start_time, hall_id, movie_id, price, description, isearly) values (19, '2020-11-06', 4, 55, 22.1, 'nec molestie sed justo pellentesque viverra', true);
insert into `show` (id, start_time, hall_id, movie_id, price, description, isearly) values (20, '2020-10-21', 6, 50, 37.8, 'elementum eu interdum eu tincidunt in leo', true);
insert into `show` (id, start_time, hall_id, movie_id, price, description, isearly) values (21, '2020-11-12', 3, 61, 49.4, 'sapien iaculis congue vivamus metus arcu adipiscing', true);
insert into `show` (id, start_time, hall_id, movie_id, price, description, isearly) values (22, '2020-10-25', 7, 78, 38.1, 'semper interdum mauris ullamcorper purus sit', false);
insert into `show` (id, start_time, hall_id, movie_id, price, description, isearly) values (23, '2020-11-06', 5, 36, 33.8, 'accumsan felis ut at dolor quis odio', false);
insert into `show` (id, start_time, hall_id, movie_id, price, description, isearly) values (24, '2020-11-12', 15, 28, 28.1, 'amet cursus id turpis integer', false);
insert into `show` (id, start_time, hall_id, movie_id, price, description, isearly) values (25, '2020-10-22', 3, 30, 48.4, 'vestibulum velit id pretium iaculis diam erat', false);
insert into `show` (id, start_time, hall_id, movie_id, price, description, isearly) values (26, '2020-11-14', 7, 48, 23.7, 'porttitor lorem id ligula suspendisse', false);
insert into `show` (id, start_time, hall_id, movie_id, price, description, isearly) values (27, '2020-11-04', 6, 84, 36.9, 'adipiscing lorem vitae mattis nibh', false);
insert into `show` (id, start_time, hall_id, movie_id, price, description, isearly) values (28, '2020-11-09', 15, 80, 49.7, 'amet lobortis sapien sapien non mi integer', true);
insert into `show` (id, start_time, hall_id, movie_id, price, description, isearly) values (29, '2020-10-30', 1, 21, 40.2, 'vulputate nonummy maecenas tincidunt lacus at', false);
insert into `show` (id, start_time, hall_id, movie_id, price, description, isearly) values (30, '2020-10-24', 1, 3, 31.1, 'nunc donec quis orci eget orci', false);
insert into `show` (id, start_time, hall_id, movie_id, price, description, isearly) values (31, '2020-10-28', 11, 34, 43.9, 'amet diam in magna bibendum', true);
insert into `show` (id, start_time, hall_id, movie_id, price, description, isearly) values (32, '2020-10-23', 1, 2, 40.3, 'vel nisl duis ac nibh fusce lacus', false);
insert into `show` (id, start_time, hall_id, movie_id, price, description, isearly) values (33, '2020-11-14', 7, 80, 29.2, 'aliquam sit amet diam in magna bibendum', true);
insert into `show` (id, start_time, hall_id, movie_id, price, description, isearly) values (34, '2020-11-11', 12, 17, 36.1, 'quam pharetra magna ac consequat', true);
insert into `show` (id, start_time, hall_id, movie_id, price, description, isearly) values (35, '2020-10-27', 9, 96, 43.2, 'nulla pede ullamcorper augue a', true);
insert into `show` (id, start_time, hall_id, movie_id, price, description, isearly) values (36, '2020-11-12', 2, 94, 44.4, 'nulla ultrices aliquet maecenas leo odio condimentum', false);
insert into `show` (id, start_time, hall_id, movie_id, price, description, isearly) values (37, '2020-10-27', 14, 22, 35.5, 'potenti nullam porttitor lacus at turpis', true);
insert into `show` (id, start_time, hall_id, movie_id, price, description, isearly) values (38, '2020-10-25', 5, 1, 47.2, 'platea dictumst maecenas ut massa', true);
insert into `show` (id, start_time, hall_id, movie_id, price, description, isearly) values (39, '2020-11-02', 5, 100, 35.0, 'dictumst aliquam augue quam sollicitudin', true);
insert into `show` (id, start_time, hall_id, movie_id, price, description, isearly) values (40, '2020-11-15', 12, 17, 28.7, 'quam a odio in hac habitasse platea', true);
insert into `show` (id, start_time, hall_id, movie_id, price, description, isearly) values (41, '2020-10-29', 8, 52, 24.0, 'bibendum felis sed interdum venenatis', true);
insert into `show` (id, start_time, hall_id, movie_id, price, description, isearly) values (42, '2020-10-26', 2, 18, 41.2, 'etiam vel augue vestibulum rutrum', false);
insert into `show` (id, start_time, hall_id, movie_id, price, description, isearly) values (43, '2020-11-01', 4, 63, 33.2, 'in magna bibendum imperdiet nullam', false);
insert into `show` (id, start_time, hall_id, movie_id, price, description, isearly) values (44, '2020-11-14', 14, 4, 49.0, 'lacus curabitur at ipsum ac tellus semper', false);
insert into `show` (id, start_time, hall_id, movie_id, price, description, isearly) values (45, '2020-11-08', 7, 16, 44.8, 'turpis integer aliquet massa id lobortis', true);
insert into `show` (id, start_time, hall_id, movie_id, price, description, isearly) values (46, '2020-11-01', 15, 70, 40.1, 'elit proin risus praesent lectus', false);
insert into `show` (id, start_time, hall_id, movie_id, price, description, isearly) values (47, '2020-11-04', 5, 64, 46.3, 'curae donec pharetra magna vestibulum aliquet', false);
insert into `show` (id, start_time, hall_id, movie_id, price, description, isearly) values (48, '2020-10-28', 12, 90, 30.6, 'hac habitasse platea dictumst etiam faucibus', true);
insert into `show` (id, start_time, hall_id, movie_id, price, description, isearly) values (49, '2020-10-30', 10, 25, 49.2, 'elementum nullam varius nulla facilisi', true);
insert into `show` (id, start_time, hall_id, movie_id, price, description, isearly) values (50, '2020-11-18', 2, 84, 48.2, 'ut erat curabitur gravida nisi at nibh', false);
insert into `show` (id, start_time, hall_id, movie_id, price, description, isearly) values (51, '2020-11-12', 7, 59, 27.1, 'pede lobortis ligula sit amet eleifend pede', true);
insert into `show` (id, start_time, hall_id, movie_id, price, description, isearly) values (52, '2020-11-18', 1, 58, 38.0, 'sapien in sapien iaculis congue', false);
insert into `show` (id, start_time, hall_id, movie_id, price, description, isearly) values (53, '2020-11-02', 2, 94, 34.4, 'in felis eu sapien cursus vestibulum proin', true);
insert into `show` (id, start_time, hall_id, movie_id, price, description, isearly) values (54, '2020-10-24', 13, 93, 35.5, 'ultrices posuere cubilia curae mauris viverra diam', true);
insert into `show` (id, start_time, hall_id, movie_id, price, description, isearly) values (55, '2020-11-15', 12, 70, 42.7, 'lectus pellentesque at nulla suspendisse', false);
insert into `show` (id, start_time, hall_id, movie_id, price, description, isearly) values (56, '2020-11-12', 11, 53, 37.3, 'turpis enim blandit mi in porttitor pede', true);
insert into `show` (id, start_time, hall_id, movie_id, price, description, isearly) values (57, '2020-11-01', 3, 86, 44.3, 'in ante vestibulum ante ipsum', false);
insert into `show` (id, start_time, hall_id, movie_id, price, description, isearly) values (58, '2020-11-08', 15, 1, 33.5, 'massa donec dapibus duis at velit eu', false);
insert into `show` (id, start_time, hall_id, movie_id, price, description, isearly) values (59, '2020-11-09', 11, 5, 30.2, 'ipsum aliquam non mauris morbi', true);
insert into `show` (id, start_time, hall_id, movie_id, price, description, isearly) values (60, '2020-10-22', 10, 89, 24.0, 'molestie hendrerit at vulputate vitae nisl aenean', false);
insert into `show` (id, start_time, hall_id, movie_id, price, description, isearly) values (61, '2020-10-30', 6, 56, 40.3, 'eu nibh quisque id justo sit', true);
insert into `show` (id, start_time, hall_id, movie_id, price, description, isearly) values (62, '2020-11-03', 4, 20, 20.9, 'aenean fermentum donec ut mauris eget massa', false);
insert into `show` (id, start_time, hall_id, movie_id, price, description, isearly) values (63, '2020-11-14', 8, 14, 39.1, 'non mi integer ac neque duis', false);
insert into `show` (id, start_time, hall_id, movie_id, price, description, isearly) values (64, '2020-10-22', 8, 63, 38.7, 'nisi eu orci mauris lacinia', false);
insert into `show` (id, start_time, hall_id, movie_id, price, description, isearly) values (65, '2020-10-28', 6, 30, 26.0, 'velit eu est congue elementum in', true);
insert into `show` (id, start_time, hall_id, movie_id, price, description, isearly) values (66, '2020-11-01', 13, 67, 30.5, 'turpis nec euismod scelerisque quam turpis adipiscing', true);
insert into `show` (id, start_time, hall_id, movie_id, price, description, isearly) values (67, '2020-11-05', 6, 70, 24.3, 'quis libero nullam sit amet', true);
insert into `show` (id, start_time, hall_id, movie_id, price, description, isearly) values (68, '2020-11-20', 15, 31, 22.5, 'nibh in lectus pellentesque at nulla suspendisse', false);
insert into `show` (id, start_time, hall_id, movie_id, price, description, isearly) values (69, '2020-10-25', 14, 40, 30.8, 'nec condimentum neque sapien placerat ante nulla', false);
insert into `show` (id, start_time, hall_id, movie_id, price, description, isearly) values (70, '2020-11-08', 3, 18, 21.6, 'sed augue aliquam erat volutpat in', true);
insert into `show` (id, start_time, hall_id, movie_id, price, description, isearly) values (71, '2020-11-08', 7, 36, 39.3, 'nibh in hac habitasse platea', true);
insert into `show` (id, start_time, hall_id, movie_id, price, description, isearly) values (72, '2020-10-22', 3, 92, 42.2, 'in consequat ut nulla sed accumsan', true);
insert into `show` (id, start_time, hall_id, movie_id, price, description, isearly) values (73, '2020-11-15', 9, 34, 36.6, 'ullamcorper purus sit amet nulla', true);
insert into `show` (id, start_time, hall_id, movie_id, price, description, isearly) values (74, '2020-11-18', 9, 33, 25.4, 'nunc viverra dapibus nulla suscipit ligula', true);
insert into `show` (id, start_time, hall_id, movie_id, price, description, isearly) values (75, '2020-10-28', 12, 95, 39.9, 'adipiscing elit proin interdum mauris', false);
insert into `show` (id, start_time, hall_id, movie_id, price, description, isearly) values (76, '2020-10-21', 15, 75, 34.2, 'lectus pellentesque eget nunc donec quis', false);
insert into `show` (id, start_time, hall_id, movie_id, price, description, isearly) values (77, '2020-11-05', 6, 28, 38.9, 'dignissim vestibulum vestibulum ante ipsum primis in', false);
insert into `show` (id, start_time, hall_id, movie_id, price, description, isearly) values (78, '2020-11-16', 11, 4, 42.5, 'augue luctus tincidunt nulla mollis', false);
insert into `show` (id, start_time, hall_id, movie_id, price, description, isearly) values (79, '2020-11-09', 14, 32, 46.7, 'tortor risus dapibus augue vel accumsan tellus', false);
insert into `show` (id, start_time, hall_id, movie_id, price, description, isearly) values (80, '2020-10-22', 6, 51, 46.3, 'pulvinar nulla pede ullamcorper augue', true);
insert into `show` (id, start_time, hall_id, movie_id, price, description, isearly) values (81, '2020-10-24', 3, 59, 48.4, 'rutrum neque aenean auctor gravida sem praesent', true);
insert into `show` (id, start_time, hall_id, movie_id, price, description, isearly) values (82, '2020-11-16', 4, 41, 48.4, 'sed vel enim sit amet nunc', true);
insert into `show` (id, start_time, hall_id, movie_id, price, description, isearly) values (83, '2020-11-20', 8, 93, 34.9, 'libero rutrum ac lobortis vel', false);
insert into `show` (id, start_time, hall_id, movie_id, price, description, isearly) values (84, '2020-10-31', 5, 31, 38.7, 'fusce lacus purus aliquet at', false);
insert into `show` (id, start_time, hall_id, movie_id, price, description, isearly) values (85, '2020-11-09', 4, 94, 40.9, 'vestibulum sagittis sapien cum sociis natoque penatibus', false);
insert into `show` (id, start_time, hall_id, movie_id, price, description, isearly) values (86, '2020-11-09', 12, 17, 46.0, 'aliquet massa id lobortis convallis', true);
insert into `show` (id, start_time, hall_id, movie_id, price, description, isearly) values (87, '2020-11-18', 13, 67, 48.7, 'quis tortor id nulla ultrices aliquet', true);
insert into `show` (id, start_time, hall_id, movie_id, price, description, isearly) values (88, '2020-11-03', 7, 10, 35.9, 'justo lacinia eget tincidunt eget', true);
insert into `show` (id, start_time, hall_id, movie_id, price, description, isearly) values (89, '2020-11-14', 14, 7, 39.8, 'donec diam neque vestibulum eget vulputate', false);
insert into `show` (id, start_time, hall_id, movie_id, price, description, isearly) values (90, '2020-11-13', 4, 63, 38.6, 'risus dapibus augue vel accumsan tellus nisi', true);
insert into `show` (id, start_time, hall_id, movie_id, price, description, isearly) values (91, '2020-11-02', 3, 85, 45.4, 'nulla elit ac nulla sed', false);
insert into `show` (id, start_time, hall_id, movie_id, price, description, isearly) values (92, '2020-11-19', 4, 16, 32.2, 'quam sollicitudin vitae consectetuer eget rutrum at', true);
insert into `show` (id, start_time, hall_id, movie_id, price, description, isearly) values (93, '2020-10-22', 8, 99, 42.3, 'cursus id turpis integer aliquet', true);
insert into `show` (id, start_time, hall_id, movie_id, price, description, isearly) values (94, '2020-10-29', 7, 18, 41.8, 'vestibulum ante ipsum primis in faucibus', false);
insert into `show` (id, start_time, hall_id, movie_id, price, description, isearly) values (95, '2020-11-19', 8, 78, 25.3, 'curabitur in libero ut massa volutpat', true);
insert into `show` (id, start_time, hall_id, movie_id, price, description, isearly) values (96, '2020-11-06', 9, 97, 35.6, 'aenean sit amet justo morbi', false);
insert into `show` (id, start_time, hall_id, movie_id, price, description, isearly) values (97, '2020-10-28', 8, 70, 42.7, 'dolor sit amet consectetuer adipiscing elit proin', true);
insert into `show` (id, start_time, hall_id, movie_id, price, description, isearly) values (98, '2020-10-26', 4, 53, 31.2, 'vitae quam suspendisse potenti nullam porttitor', true);
insert into `show` (id, start_time, hall_id, movie_id, price, description, isearly) values (99, '2020-11-20', 7, 16, 38.2, 'in felis donec semper sapien a', false);
insert into `show` (id, start_time, hall_id, movie_id, price, description, isearly) values (100, '2020-11-09', 3, 54, 31.0, 'massa id lobortis convallis tortor risus', true);





insert into promo_point values(1,"PFSS",5,"Promotion for Standard seat");
insert into promo_point values(2,"PFVS",10,"Promotion for vip seat");
insert into promo_point values(3,"PFLS",15,"Promotion for lovers seat");
insert into promo_point values(4,"PFCS",15,"Promotion for couple seat");
insert into promo_point values(5,"PFBC",25,"Promotion for birthday customer");


insert into seat_type values (1,"Standard seat",1);
insert into seat_type values (2,"Vip seat",2);
insert into seat_type values (3,"SweatBox",3);

insert into seat (id, name,theatre_id,hall_id, seat_type_id) values (1,'A1', 1 , 1, 1);
insert into seat (id, name,theatre_id,hall_id, seat_type_id) values (2,'A2', 1 , 1, 1);
insert into seat (id, name,theatre_id,hall_id, seat_type_id) values (3,'A3', 1 , 1, 1);
insert into seat (id, name,theatre_id,hall_id, seat_type_id) values (4,'A4', 1 , 1, 1);
insert into seat (id, name,theatre_id,hall_id, seat_type_id) values (5,'A5', 1 , 1, 1);
insert into seat (id, name,theatre_id,hall_id, seat_type_id) values (6,'A6', 1 , 1, 1);
insert into seat (id, name,theatre_id,hall_id, seat_type_id) values (7,'A7', 1 , 1, 1);
insert into seat (id, name,theatre_id,hall_id, seat_type_id) values (8,'A8', 1 , 1, 1);
insert into seat (id, name,theatre_id,hall_id, seat_type_id) values (9,'A9', 1 , 1, 1);
insert into seat (id, name,theatre_id,hall_id, seat_type_id) values (10,'A10', 1 , 1, 1);
insert into seat (id, name,theatre_id, hall_id, seat_type_id) values (11, 'B1',1, 1, 1);
insert into seat (id, name,theatre_id, hall_id, seat_type_id) values (12, 'B2',1, 1, 1);
insert into seat (id, name,theatre_id, hall_id, seat_type_id) values (13, 'B3',1, 1, 1);
insert into seat (id, name,theatre_id, hall_id, seat_type_id) values (14, 'B4',1, 1, 1);
insert into seat (id, name,theatre_id, hall_id, seat_type_id) values (15, 'B5',1, 1, 1);
insert into seat (id, name,theatre_id, hall_id, seat_type_id) values (16, 'B6',1, 1, 1);
insert into seat (id, name,theatre_id, hall_id, seat_type_id) values (17, 'B7',1, 1, 1);
insert into seat (id, name,theatre_id, hall_id, seat_type_id) values (18, 'B8',1, 1, 1);
insert into seat (id, name,theatre_id, hall_id, seat_type_id) values (19, 'B9',1, 1, 1);
insert into seat (id, name,theatre_id, hall_id, seat_type_id) values (20, 'B10',1, 1, 1);
insert into seat (id, name,theatre_id, hall_id, seat_type_id) values (21, 'C1',1, 1, 1);
insert into seat (id, name,theatre_id, hall_id, seat_type_id) values (22, 'C2',1, 1, 1);
insert into seat (id, name,theatre_id, hall_id, seat_type_id) values (23, 'C3',1, 1, 1);
insert into seat (id, name,theatre_id, hall_id, seat_type_id) values (24, 'C4',1, 1, 2);
insert into seat (id, name,theatre_id, hall_id, seat_type_id) values (25, 'C5',1, 1, 2);
insert into seat (id, name,theatre_id, hall_id, seat_type_id) values (26, 'C6',1, 1, 2);
insert into seat (id, name,theatre_id, hall_id, seat_type_id) values (27, 'C7',1, 1, 2);
insert into seat (id, name,theatre_id, hall_id, seat_type_id) values (28, 'C8',1, 1, 1);
insert into seat (id, name,theatre_id, hall_id, seat_type_id) values (29, 'C9',1, 1, 1);
insert into seat (id, name, theatre_id, hall_id, seat_type_id) values (30, 'C10',1, 1, 1);
insert into seat (id, name, theatre_id, hall_id, seat_type_id) values (31, 'A1',2, 2, 1);
insert into seat (id, name, theatre_id, hall_id, seat_type_id) values (32, 'A2',2, 2, 1);
insert into seat (id, name, theatre_id, hall_id, seat_type_id) values (33, 'A3',2, 2, 1);
insert into seat (id, name, theatre_id, hall_id, seat_type_id) values (34, 'A4',2, 2, 1);
insert into seat (id, name, theatre_id, hall_id, seat_type_id) values (35, 'A5',2, 2, 1);
insert into seat (id, name, theatre_id, hall_id, seat_type_id) values (36, 'A6',2, 2, 1);
insert into seat (id, name, theatre_id, hall_id, seat_type_id) values (37, 'A7',2, 2, 1);
insert into seat (id, name, theatre_id,hall_id, seat_type_id) values (38, 'A8',2, 2, 1);
insert into seat (id, name, theatre_id, hall_id, seat_type_id) values (39, 'A9',2, 2, 1);
insert into seat (id, name, theatre_id, hall_id, seat_type_id) values (40, 'A10',2, 2, 1);
insert into seat (id, name, theatre_id, hall_id, seat_type_id) values (41, 'B1',2, 2, 1);
insert into seat (id, name, theatre_id, hall_id, seat_type_id) values (42, 'B2',2, 2, 1);
insert into seat (id, name, theatre_id, hall_id, seat_type_id) values (43, 'B3',2, 2, 1);
insert into seat (id, name, theatre_id, hall_id, seat_type_id) values (44, 'B4',2, 2, 1);
insert into seat (id, name, theatre_id, hall_id, seat_type_id) values (45, 'B5',2, 2, 3);
insert into seat (id, name, theatre_id, hall_id, seat_type_id) values (46, 'B6',2, 2, 3);
insert into seat (id, name, theatre_id, hall_id, seat_type_id) values (47, 'B7',2, 2, 1);
insert into seat (id, name, theatre_id, hall_id, seat_type_id) values (48, 'B8',2, 2, 1);
insert into seat (id, name, theatre_id, hall_id, seat_type_id) values (49, 'B9',2, 2, 1);
insert into seat (id, name, theatre_id, hall_id, seat_type_id) values (50, 'B10',2, 2, 1);
insert into seat (id, name, theatre_id, hall_id, seat_type_id) values (51, 'C1',2, 2, 1);
insert into seat (id, name, theatre_id, hall_id, seat_type_id) values (52, 'C2',2, 2, 1);
insert into seat (id, name, theatre_id, hall_id, seat_type_id) values (53, 'C3',2, 2, 1);
insert into seat (id, name, theatre_id, hall_id, seat_type_id) values (54, 'C4',2, 2, 1);
insert into seat (id, name, theatre_id, hall_id, seat_type_id) values (55, 'C5',2, 2, 3);
insert into seat (id, name, theatre_id, hall_id, seat_type_id) values (56, 'C6',2, 2, 3);
insert into seat (id, name, theatre_id, hall_id, seat_type_id) values (57, 'C7',2, 2, 1);
insert into seat (id, name, theatre_id, hall_id, seat_type_id) values (58, 'C8',2, 2, 1);
insert into seat (id, name, theatre_id, hall_id, seat_type_id) values (59, 'C9',2, 2, 3);
insert into seat (id, name, theatre_id, hall_id, seat_type_id) values (60, 'C10',2, 2, 3);
insert into seat (id, name, theatre_id, hall_id, seat_type_id) values (61, 'A1',3, 3, 1);
insert into seat (id, name, theatre_id, hall_id, seat_type_id) values (62, 'A2',3, 3, 1);
insert into seat (id, name, theatre_id, hall_id, seat_type_id) values (63, 'A3',3, 3, 1);
insert into seat (id, name, theatre_id, hall_id, seat_type_id) values (64, 'A4',3, 3, 1);
insert into seat (id, name, theatre_id, hall_id, seat_type_id) values (65, 'A5',3, 3, 1);
insert into seat (id, name, theatre_id, hall_id, seat_type_id) values (66, 'A6',3, 3, 1);
insert into seat (id, name, theatre_id, hall_id, seat_type_id) values (67, 'A7',3, 3, 1);
insert into seat (id, name, theatre_id, hall_id, seat_type_id) values (68, 'A8',3, 3, 1);
insert into seat (id, name, theatre_id, hall_id, seat_type_id) values (69, 'A9',3, 3, 1);
insert into seat (id, name, theatre_id, hall_id, seat_type_id) values (70, 'A10',3, 3, 1);
insert into seat (id, name, theatre_id, hall_id, seat_type_id) values (71, 'B1',3, 3, 1);
insert into seat (id, name, theatre_id, hall_id, seat_type_id) values (72, 'B2',3, 3, 1);
insert into seat (id, name, theatre_id, hall_id, seat_type_id) values (73, 'B3',3, 3, 1);
insert into seat (id, name, theatre_id, hall_id, seat_type_id) values (74, 'B4',3, 3, 1);
insert into seat (id, name, theatre_id, hall_id, seat_type_id) values (75, 'B5',3, 3, 1);
insert into seat (id, name, theatre_id, hall_id, seat_type_id) values (76, 'B6',3, 3, 1);
insert into seat (id, name, theatre_id, hall_id, seat_type_id) values (77, 'B7',3, 3, 1);
insert into seat (id, name, theatre_id, hall_id, seat_type_id) values (78, 'B8',3, 3, 1);
insert into seat (id, name, theatre_id, hall_id, seat_type_id) values (79, 'B9',3, 3, 1);
insert into seat (id, name, theatre_id, hall_id, seat_type_id) values (80, 'B10',3, 3, 1);
insert into seat (id, name, theatre_id, hall_id, seat_type_id) values (81, 'C1',3, 3, 1);
insert into seat (id, name, theatre_id, hall_id, seat_type_id) values (82, 'C2',3, 3, 1);
insert into seat (id, name, theatre_id, hall_id, seat_type_id) values (83, 'C3',3, 3, 1);
insert into seat (id, name, theatre_id, hall_id, seat_type_id) values (84, 'C4',3, 3, 1);
insert into seat (id, name, theatre_id, hall_id, seat_type_id) values (85, 'C5',3, 3, 1);
insert into seat (id, name, theatre_id, hall_id, seat_type_id) values (86, 'C6',3, 3, 1);
insert into seat (id, name, theatre_id, hall_id, seat_type_id) values (87, 'C7',3, 3, 1);
insert into seat (id, name, theatre_id, hall_id, seat_type_id) values (88, 'C8',3, 3, 1);
insert into seat (id, name, theatre_id, hall_id, seat_type_id) values (89, 'C9',3, 3, 1);
insert into seat (id, name, theatre_id, hall_id, seat_type_id) values (90, 'C10',3, 3, 1);
insert into seat (id, name, theatre_id, hall_id, seat_type_id) values (91, 'D1',3, 3, 2);
insert into seat (id, name, theatre_id, hall_id, seat_type_id) values (92, 'D2',3, 3, 2);
insert into seat (id, name, theatre_id, hall_id, seat_type_id) values (93, 'D3',3, 3, 2);
insert into seat (id, name, theatre_id, hall_id, seat_type_id) values (94, 'D4',3, 3, 2);
insert into seat (id, name, theatre_id, hall_id, seat_type_id) values (95, 'D5',3, 3, 2);
insert into seat (id, name, theatre_id, hall_id, seat_type_id) values (96, 'D6',3, 3, 2);
insert into seat (id, name, theatre_id, hall_id, seat_type_id) values (97, 'D7',3, 3, 2);
insert into seat (id, name, theatre_id, hall_id, seat_type_id) values (98, 'D8',3, 3, 2);
insert into seat (id, name, theatre_id, hall_id, seat_type_id) values (99, 'D9',3, 3, 2);
insert into seat (id, name, theatre_id, hall_id, seat_type_id) values (100, 'D10',3, 3, 2);
insert into seat (id, name, theatre_id, hall_id, seat_type_id) values (101, 'A1', 4, 4, 1);
insert into seat (id, name, theatre_id, hall_id, seat_type_id) values (102, 'A2', 4, 4, 1);
insert into seat (id, name, theatre_id, hall_id, seat_type_id) values (103, 'A3', 4, 4, 1);
insert into seat (id, name, theatre_id, hall_id, seat_type_id) values (104, 'A4',  4,4, 1);
insert into seat (id, name, theatre_id, hall_id, seat_type_id) values (105, 'A5', 4, 4, 1);
insert into seat (id, name, theatre_id, hall_id, seat_type_id) values (106, 'A6', 4, 4, 1);
insert into seat (id, name, theatre_id, hall_id, seat_type_id) values (107, 'A7', 4, 4, 1);
insert into seat (id, name, theatre_id, hall_id, seat_type_id) values (108, 'A8', 4, 4, 1);
insert into seat (id, name, theatre_id, hall_id, seat_type_id) values (109, 'A9', 4, 4, 1);
insert into seat (id, name, theatre_id, hall_id, seat_type_id) values (110, 'A10', 4, 4, 1);
insert into seat (id, name, theatre_id, hall_id, seat_type_id) values (111, 'B1', 4, 4, 1);
insert into seat (id, name, theatre_id, hall_id, seat_type_id) values (112, 'B2', 4, 4, 1);
insert into seat (id, name, theatre_id, hall_id, seat_type_id) values (113, 'B3', 4, 4, 1);
insert into seat (id, name, theatre_id, hall_id, seat_type_id) values (114, 'B4', 4, 4, 1);
insert into seat (id, name, theatre_id, hall_id, seat_type_id) values (115, 'B5', 4, 4, 1);
insert into seat (id, name, theatre_id, hall_id, seat_type_id) values (116, 'B6', 4, 4, 1);
insert into seat (id, name, theatre_id, hall_id, seat_type_id) values (117, 'B7', 4, 4, 1);
insert into seat (id, name, theatre_id, hall_id, seat_type_id) values (118, 'B8', 4, 4, 1);
insert into seat (id, name, theatre_id, hall_id, seat_type_id) values (119, 'B9', 4, 4, 1);
insert into seat (id, name, theatre_id, hall_id, seat_type_id) values (120, 'B10', 4, 4, 1);
insert into seat (id, name, theatre_id, hall_id, seat_type_id) values (121, 'C1', 4, 4, 1);
insert into seat (id, name, theatre_id, hall_id, seat_type_id) values (122, 'C2', 4, 4, 1);
insert into seat (id, name, theatre_id, hall_id, seat_type_id) values (123, 'C3', 4, 4, 1);
insert into seat (id, name, theatre_id, hall_id, seat_type_id) values (124, 'C4', 4, 4, 1);
insert into seat (id, name, theatre_id, hall_id, seat_type_id) values (125, 'C5', 4, 4, 2);
insert into seat (id, name, theatre_id, hall_id, seat_type_id) values (126, 'C6', 4, 4, 2);
insert into seat (id, name, theatre_id, hall_id, seat_type_id) values (127, 'C7', 4, 4, 2);
insert into seat (id, name, theatre_id, hall_id, seat_type_id) values (128, 'C8', 4, 4, 1);
insert into seat (id, name, theatre_id, hall_id, seat_type_id) values (129, 'C9', 4, 4, 1);
insert into seat (id, name, theatre_id, hall_id, seat_type_id) values (130, 'C10', 4, 4, 1);
insert into seat (id, name, theatre_id, hall_id, seat_type_id) values (131, 'D1', 4, 4, 1);
insert into seat (id, name, theatre_id, hall_id, seat_type_id) values (132, 'D2', 4, 4, 1);
insert into seat (id, name,  theatre_id,hall_id, seat_type_id) values (133, 'D3', 4, 4, 1);
insert into seat (id, name, theatre_id, hall_id, seat_type_id) values (134, 'D4', 4, 4, 1);
insert into seat (id, name, theatre_id, hall_id, seat_type_id) values (135, 'D5', 4, 4, 2);
insert into seat (id, name, theatre_id, hall_id, seat_type_id) values (136, 'D6', 4, 4, 2);
insert into seat (id, name, theatre_id, hall_id, seat_type_id) values (137, 'D7', 4, 4, 2);
insert into seat (id, name, theatre_id, hall_id, seat_type_id) values (138, 'D8', 4, 4, 1);
insert into seat (id, name,  theatre_id,hall_id, seat_type_id) values (139, 'D9', 4, 4, 1);
insert into seat (id, name, theatre_id, hall_id, seat_type_id) values (140, 'D10', 4, 4, 1);
insert into seat (id, name, theatre_id, hall_id, seat_type_id) values (141, 'E1', 4, 4, 3);
insert into seat (id, name, theatre_id, hall_id, seat_type_id) values (142, 'E2', 4, 4, 1);
insert into seat (id, name, theatre_id, hall_id, seat_type_id) values (143, 'E3', 4, 4, 1);
insert into seat (id, name, theatre_id, hall_id, seat_type_id) values (144, 'E4', 4, 4, 1);
insert into seat (id, name, theatre_id, hall_id, seat_type_id) values (145, 'E5', 4, 4, 2);
insert into seat (id, name, theatre_id, hall_id, seat_type_id) values (146, 'E6', 4, 4, 2);
insert into seat (id, name, theatre_id, hall_id, seat_type_id) values (147, 'E7', 4, 4, 2);
insert into seat (id, name, theatre_id, hall_id, seat_type_id) values (148, 'E8', 4, 4, 1);
insert into seat (id, name, theatre_id, hall_id, seat_type_id) values (149, 'E9', 4, 4, 1);
insert into seat (id, name, theatre_id, hall_id, seat_type_id) values (150, 'E10', 4, 4, 3);


insert into payment values(1,"Visa");
insert into payment values(2,"Cash");
insert into payment values(3,"Paypal");


insert into position values(1,"Director","Giám Đốc");
insert into position values(2,"Manager","Quản Lý");
insert into position values(3,"Shif Supervisor","Giám Sát");
insert into position values(4,"Staff","Nhân viên");

insert into staff (id, name, address, account_id, theatre_id, email, phone, cardid, birthday, salary, position_id, isactive) values (1, 'Harlene', '6 Warbler Place', 55, 9, 'hgodbolt0@xrea.com', '9431778479', '3545532232867588', '1973-04-02 17:33:39', 14141206, 3, true);
insert into staff (id, name, address, account_id, theatre_id, email, phone, cardid, birthday, salary, position_id, isactive) values (2, 'Brenna', '5400 Ridgeway Park', 65, 7, 'baguirre1@uol.com.br', '5934628134', '3588216578547420', '1975-08-21 07:23:20', 10156282, 3, false);
insert into staff (id, name, address, account_id, theatre_id, email, phone, cardid, birthday, salary, position_id, isactive) values (3, 'Jervis', '0286 Messerschmidt Lane', 66, 18, 'jmccarney2@smugmug.com', '2454189497', '503895995526241361', '1998-05-19 03:29:19', 10268633, 4, true);
insert into staff (id, name, address, account_id, theatre_id, email, phone, cardid, birthday, salary, position_id, isactive) values (4, 'Lorne', '173 Paget Parkway', 2, 1, 'lhalfacre3@disqus.com', '4829684023', '3587000717968528', '1991-01-08 02:59:06', 14638182, 3, true);
insert into staff (id, name, address, account_id, theatre_id, email, phone, cardid, birthday, salary, position_id, isactive) values (5, 'Christa', '08 Clemons Avenue', 70, 18, 'cmarsy4@sogou.com', '8386071124', '676186050042623577', '1960-06-21 04:49:52', 14096527, 1, true);
insert into staff (id, name, address, account_id, theatre_id, email, phone, cardid, birthday, salary, position_id, isactive) values (6, 'Nick', '4979 Gateway Circle', 17, 3, 'nlocarno5@pen.io', '4597516733', '3548283088624999', '1978-04-10 21:47:38', 14563704, 2, false);
insert into staff (id, name, address, account_id, theatre_id, email, phone, cardid, birthday, salary, position_id, isactive) values (7, 'Priscilla', '1 Emmet Avenue', 37, 5, 'pjoddens6@deliciousdays.com', '3447671983', '6771073594009240767', '1965-08-01 11:30:42', 13501996, 2, false);
insert into staff (id, name, address, account_id, theatre_id, email, phone, cardid, birthday, salary, position_id, isactive) values (8, 'Tanitansy', '392 Kinsman Drive', 70, 5, 'tgillingham7@chron.com', '3382636132', '201475758967294', '1960-05-05 22:26:56', 11942990, 1, false);
insert into staff (id, name, address, account_id, theatre_id, email, phone, cardid, birthday, salary, position_id, isactive) values (9, 'Venita', '6 Hagan Street', 55, 21, 'vpavlov8@gizmodo.com', '6594110930', '3558777290191645', '1989-10-18 00:39:35', 10924305, 3, false);
insert into staff (id, name, address, account_id, theatre_id, email, phone, cardid, birthday, salary, position_id, isactive) values (10, 'Kanya', '88631 Knutson Trail', 8, 24, 'kkienle9@myspace.com', '9748246883', '3549825481531483', '1968-05-07 21:11:24', 11006579, 3, true);
insert into staff (id, name, address, account_id, theatre_id, email, phone, cardid, birthday, salary, position_id, isactive) values (11, 'Sephira', '95 Grasskamp Park', 84, 9, 'skleinstuba@ow.ly', '8066891437', '3538273270129313', '1998-05-04 18:11:49', 12435832, 2, true);
insert into staff (id, name, address, account_id, theatre_id, email, phone, cardid, birthday, salary, position_id, isactive) values (12, 'Bobbie', '77 Grasskamp Pass', 52, 2, 'bcroneb@mail.ru', '5034760343', '67717512460529479', '1981-02-05 13:37:01', 13316921, 3, true);
insert into staff (id, name, address, account_id, theatre_id, email, phone, cardid, birthday, salary, position_id, isactive) values (13, 'Rees', '61 Mayer Plaza', 80, 22, 'rfernanc@bluehost.com', '9321029664', '3565922170465435', '1960-10-25 08:52:16', 11852040, 3, true);
insert into staff (id, name, address, account_id, theatre_id, email, phone, cardid, birthday, salary, position_id, isactive) values (14, 'Loleta', '87 Blaine Parkway', 22, 24, 'lgilletd@newsvine.com', '8293677201', '5526295577615024', '1964-01-05 15:11:16', 12913133, 3, true);
insert into staff (id, name, address, account_id, theatre_id, email, phone, cardid, birthday, salary, position_id, isactive) values (15, 'Neils', '7133 Shoshone Court', 71, 13, 'nballentimee@miitbeian.gov.cn', '9842201795', '3544872859955386', '1959-05-28 00:23:01', 10272692, 1, false);
insert into staff (id, name, address, account_id, theatre_id, email, phone, cardid, birthday, salary, position_id, isactive) values (16, 'Mikey', '39780 Commercial Lane', 20, 17, 'mwiltsherf@360.cn', '4156663350', '378747956897219', '1954-11-24 09:04:20', 10914982, 2, true);
insert into staff (id, name, address, account_id, theatre_id, email, phone, cardid, birthday, salary, position_id, isactive) values (17, 'Vail', '9916 Sachs Alley', 11, 17, 'vscrivinerg@devhub.com', '1781039872', '5602238126195624', '1953-03-27 19:05:40', 10320525, 4, false);
insert into staff (id, name, address, account_id, theatre_id, email, phone, cardid, birthday, salary, position_id, isactive) values (18, 'Nyssa', '24 Mccormick Point', 93, 13, 'ncolchetth@360.cn', '9972644746', '63048751483010344', '1992-02-15 01:07:54', 10022544, 4, true);
insert into staff (id, name, address, account_id, theatre_id, email, phone, cardid, birthday, salary, position_id, isactive) values (19, 'Caryn', '57 Superior Way', 54, 16, 'ccaselicki@comsenz.com', '1334261275', '5602252966643304', '1959-10-31 08:28:41', 12602295, 1, false);
insert into staff (id, name, address, account_id, theatre_id, email, phone, cardid, birthday, salary, position_id, isactive) values (20, 'Kata', '04 Kedzie Crossing', 93, 23, 'ktaphousej@geocities.jp', '9564351702', '560225725726556636', '1963-06-01 13:22:46', 12744201, 2, true);
insert into staff (id, name, address, account_id, theatre_id, email, phone, cardid, birthday, salary, position_id, isactive) values (21, 'Klarika', '8 Transport Circle', 8, 22, 'kweatherellk@nifty.com', '1026635438', '5433597115130594', '1953-08-03 12:06:29', 13699690, 1, true);
insert into staff (id, name, address, account_id, theatre_id, email, phone, cardid, birthday, salary, position_id, isactive) values (22, 'Kain', '967 Corben Hill', 5, 17, 'kderobertisl@foxnews.com', '9735736903', '3588300065889139', '1970-07-07 17:43:47', 13050522, 3, true);
insert into staff (id, name, address, account_id, theatre_id, email, phone, cardid, birthday, salary, position_id, isactive) values (23, 'Wit', '788 Bluestem Drive', 88, 1, 'wmcgannm@tumblr.com', '9433062409', '5602228606453268763', '1982-05-08 10:26:39', 10220926, 1, false);
insert into staff (id, name, address, account_id, theatre_id, email, phone, cardid, birthday, salary, position_id, isactive) values (24, 'Davey', '5 Fieldstone Center', 88, 16, 'dcreedlandn@amazon.com', '9696711384', '5018789780140148', '1961-02-24 16:42:20', 14913788, 1, true);
insert into staff (id, name, address, account_id, theatre_id, email, phone, cardid, birthday, salary, position_id, isactive) values (25, 'Zitella', '5765 Reindahl Park', 40, 18, 'zgibbino@samsung.com', '2212151785', '4041372303750', '1957-05-19 17:01:31', 11944927, 1, false);
insert into staff (id, name, address, account_id, theatre_id, email, phone, cardid, birthday, salary, position_id, isactive) values (26, 'Algernon', '2 Wayridge Parkway', 94, 12, 'apackp@wired.com', '6356616693', '3542872170014949', '1956-05-16 21:39:15', 13309000, 2, true);
insert into staff (id, name, address, account_id, theatre_id, email, phone, cardid, birthday, salary, position_id, isactive) values (27, 'Candace', '01868 Blaine Alley', 5, 13, 'cflattmanq@infoseek.co.jp', '1633900731', '3532762330494044', '1992-09-20 17:50:43', 12174890, 3, true);
insert into staff (id, name, address, account_id, theatre_id, email, phone, cardid, birthday, salary, position_id, isactive) values (28, 'Marijn', '12944 Trailsway Lane', 43, 3, 'mchimentir@illinois.edu', '1654261030', '3539792337768259', '1968-01-24 05:06:36', 14813983, 4, true);
insert into staff (id, name, address, account_id, theatre_id, email, phone, cardid, birthday, salary, position_id, isactive) values (29, 'Joellyn', '6 Riverside Way', 48, 8, 'jspradberys@macromedia.com', '7976599552', '3564275674476072', '1993-08-01 11:32:56', 12678193, 3, false);
insert into staff (id, name, address, account_id, theatre_id, email, phone, cardid, birthday, salary, position_id, isactive) values (30, 'Caresse', '30 Moose Trail', 91, 24, 'cstrephant@friendfeed.com', '1271208995', '3558575733032438', '1960-12-26 20:10:09', 14524944, 3, false);
insert into staff (id, name, address, account_id, theatre_id, email, phone, cardid, birthday, salary, position_id, isactive) values (31, 'Kerrill', '8 Everett Terrace', 68, 5, 'klindeu@stumbleupon.com', '5159709536', '3573363881772266', '1997-06-10 14:35:30', 12437344, 2, true);
insert into staff (id, name, address, account_id, theatre_id, email, phone, cardid, birthday, salary, position_id, isactive) values (32, 'Peirce', '885 Melvin Circle', 100, 4, 'pdeclerkv@google.ru', '6379137978', '337941738892156', '1974-07-16 16:55:00', 12069723, 1, false);
insert into staff (id, name, address, account_id, theatre_id, email, phone, cardid, birthday, salary, position_id, isactive) values (33, 'Cristobal', '2 Burning Wood Junction', 33, 4, 'cfraniakw@aol.com', '8546184611', '4913983546606281', '1994-02-21 23:32:16', 14408771, 4, true);
insert into staff (id, name, address, account_id, theatre_id, email, phone, cardid, birthday, salary, position_id, isactive) values (34, 'Westbrooke', '9313 Declaration Trail', 46, 11, 'wronnayx@imageshack.us', '4399659606', '3566699511823584', '1993-04-23 11:15:07', 11614988, 1, true);
insert into staff (id, name, address, account_id, theatre_id, email, phone, cardid, birthday, salary, position_id, isactive) values (35, 'Nappy', '92468 Carpenter Road', 82, 9, 'ncorradoy@mayoclinic.com', '3836533994', '3549440791796352', '1985-07-20 04:15:39', 12570860, 1, false);
insert into staff (id, name, address, account_id, theatre_id, email, phone, cardid, birthday, salary, position_id, isactive) values (36, 'Amelina', '6 Dunning Avenue', 6, 7, 'ahalsez@4shared.com', '7264668982', '4911476769607744751', '1952-08-19 05:26:52', 11447070, 2, true);
insert into staff (id, name, address, account_id, theatre_id, email, phone, cardid, birthday, salary, position_id, isactive) values (37, 'Arabelle', '50 Northland Hill', 77, 5, 'alevi10@seattletimes.com', '6098832324', '67620287607138585', '1974-06-14 23:17:30', 14100229, 1, true);
insert into staff (id, name, address, account_id, theatre_id, email, phone, cardid, birthday, salary, position_id, isactive) values (38, 'Faythe', '79 Spaight Trail', 86, 2, 'fbixley11@nsw.gov.au', '2805421826', '3558924419756748', '1986-09-23 12:07:26', 12083875, 3, false);
insert into staff (id, name, address, account_id, theatre_id, email, phone, cardid, birthday, salary, position_id, isactive) values (39, 'Alasteir', '877 Declaration Court', 77, 21, 'acubuzzi12@goodreads.com', '8199971545', '3564127776438858', '1996-07-14 01:52:04', 10302679, 2, true);
insert into staff (id, name, address, account_id, theatre_id, email, phone, cardid, birthday, salary, position_id, isactive) values (40, 'Camellia', '493 Mallory Trail', 3, 23, 'clarimer13@google.co.jp', '8412103352', '3578811632396632', '1988-02-11 02:36:06', 10432491, 1, true);
insert into staff (id, name, address, account_id, theatre_id, email, phone, cardid, birthday, salary, position_id, isactive) values (41, 'Danyette', '0178 Muir Center', 53, 1, 'dniles14@bandcamp.com', '5135675283', '4903305144486662', '1975-08-18 02:58:11', 13727195, 2, false);
insert into staff (id, name, address, account_id, theatre_id, email, phone, cardid, birthday, salary, position_id, isactive) values (42, 'Brennen', '8971 Dixon Hill', 100, 11, 'bisacsson15@weibo.com', '5468951463', '4917008454036325', '1964-10-18 04:19:56', 10936345, 1, true);
insert into staff (id, name, address, account_id, theatre_id, email, phone, cardid, birthday, salary, position_id, isactive) values (43, 'Putnam', '8 Iowa Avenue', 21, 23, 'prichter16@wordpress.org', '3946364540', '677141881217673894', '1984-06-12 14:23:46', 13343745, 2, true);
insert into staff (id, name, address, account_id, theatre_id, email, phone, cardid, birthday, salary, position_id, isactive) values (44, 'Larisa', '0 Starling Park', 65, 17, 'lkoschek17@dailymotion.com', '7993782249', '374622323172337', '1977-11-18 08:53:09', 14960420, 4, true);
insert into staff (id, name, address, account_id, theatre_id, email, phone, cardid, birthday, salary, position_id, isactive) values (45, 'Kalinda', '34 Amoth Junction', 50, 12, 'kgoodey18@elpais.com', '3043366578', '201929380722048', '1984-09-17 10:02:29', 13517166, 4, true);
insert into staff (id, name, address, account_id, theatre_id, email, phone, cardid, birthday, salary, position_id, isactive) values (46, 'Court', '447 Hooker Drive', 40, 11, 'cnickell19@posterous.com', '3313628556', '3536506127110263', '1969-04-26 16:30:17', 13522378, 4, false);
insert into staff (id, name, address, account_id, theatre_id, email, phone, cardid, birthday, salary, position_id, isactive) values (47, 'Ingemar', '4022 Anderson Hill', 72, 25, 'ilyman1a@linkedin.com', '8743019004', '5602256350558366', '1952-11-02 21:05:23', 12059485, 1, false);
insert into staff (id, name, address, account_id, theatre_id, email, phone, cardid, birthday, salary, position_id, isactive) values (48, 'Brina', '7350 Bonner Pass', 23, 3, 'bkubicka1b@imgur.com', '1558882196', '6397367939329489', '1997-12-11 07:16:16', 10883063, 3, false);
insert into staff (id, name, address, account_id, theatre_id, email, phone, cardid, birthday, salary, position_id, isactive) values (49, 'Kissee', '475 Susan Way', 87, 3, 'khackleton1c@xinhuanet.com', '2436781135', '3588264473659635', '1984-12-26 19:52:26', 11521051, 2, true);
insert into staff (id, name, address, account_id, theatre_id, email, phone, cardid, birthday, salary, position_id, isactive) values (50, 'Vanda', '90 Menomonie Junction', 97, 17, 'vmarcu1d@yahoo.com', '7895408960', '5641825313014648154', '1955-10-04 08:10:40', 11283140, 1, true);



insert into promotion (id, code, name, discount, description, startDate, endDate, show_id, move_id, theatre_id, customer_id, staff_id) values (1, '50242-040', 'XOLAIR', 7, '925-53-3869', '2020-04-11 19:48:32', '2020-04-19 10:18:23', 30, 21, 4, 43, 44);
insert into promotion (id, code, name, discount, description, startDate, endDate, show_id, move_id, theatre_id, customer_id, staff_id) values (2, '50523-546', 'Bebelle for Kids Antibacterial Hand', 9, '563-81-1538', '2020-06-11 05:52:39', '2020-03-08 08:23:22', 35, 83, 8, 35, 30);
insert into promotion (id, code, name, discount, description, startDate, endDate, show_id, move_id, theatre_id, customer_id, staff_id) values (3, '52584-060', 'Amidate', 8, '525-05-7853', '2020-10-07 20:32:45', '2019-12-27 01:37:36', 98, 46, 3, 11, 6);
insert into promotion (id, code, name, discount, description, startDate, endDate, show_id, move_id, theatre_id, customer_id, staff_id) values (4, '50436-6104', 'CAPTOPRIL', 5, '494-07-1671', '2020-08-01 03:20:50', '2020-01-24 13:52:28', 67, 38, 10, 36, 5);
insert into promotion (id, code, name, discount, description, startDate, endDate, show_id, move_id, theatre_id, customer_id, staff_id) values (5, '65119-345', 'OXYGEN', 6, '485-23-4048', '2020-02-13 20:00:36', '2019-12-01 11:09:14', 77, 38, 15, 16, 12);
insert into promotion (id, code, name, discount, description, startDate, endDate, show_id, move_id, theatre_id, customer_id, staff_id) values (6, '0172-3650', 'Glipizide', 6, '308-43-7380', '2019-11-01 16:05:16', '2020-01-16 15:53:02', 90, 34, 21, 73, 13);
insert into promotion (id, code, name, discount, description, startDate, endDate, show_id, move_id, theatre_id, customer_id, staff_id) values (7, '49967-882', 'Kiehls Since 1851 Superbly', 8, '805-99-0530', '2020-07-20 05:54:41', '2019-11-30 01:56:39', 10, 21, 7, 47, 3);
insert into promotion (id, code, name, discount, description, startDate, endDate, show_id, move_id, theatre_id, customer_id, staff_id) values (8, '58411-191', 'SHISEIDO THE MAKEUP FOUNDATION', 6, '408-14-5478', '2019-11-08 13:44:10', '2020-06-09 10:04:15', 19, 88, 3, 34, 20);
insert into promotion (id, code, name, discount, description, startDate, endDate, show_id, move_id, theatre_id, customer_id, staff_id) values (9, '44237-008', 'Herbion Naturals', 8, '155-87-9002', '2019-12-03 11:35:51', '2020-03-03 23:18:07', 63, 39, 8, 98, 27);
insert into promotion (id, code, name, discount, description, startDate, endDate, show_id, move_id, theatre_id, customer_id, staff_id) values (10, '31722-706', 'Famciclovir', 7, '902-66-0225', '2020-01-12 21:17:09', '2020-08-02 13:40:53', 85, 99, 6, 94, 46);
insert into promotion (id, code, name, discount, description, startDate, endDate, show_id, move_id, theatre_id, customer_id, staff_id) values (11, '0268-1510', 'HOLCUS LANATUS POLLEN', 8, '414-36-8199', '2020-07-02 07:26:31', '2019-12-18 18:48:05', 69, 30, 18, 28, 43);
insert into promotion (id, code, name, discount, description, startDate, endDate, show_id, move_id, theatre_id, customer_id, staff_id) values (12, '63629-2948', 'Diazepam', 8, '702-04-4071', '2020-02-23 16:39:52', '2020-04-02 05:04:37', 67, 67, 3, 12, 16);
insert into promotion (id, code, name, discount, description, startDate, endDate, show_id, move_id, theatre_id, customer_id, staff_id) values (13, '35356-660', 'Tramadol hydrochloride and acetaminophen', 9, '785-03-0178', '2020-02-05 04:59:14', '2019-11-29 05:03:03', 12, 49, 14, 85, 45);
insert into promotion (id, code, name, discount, description, startDate, endDate, show_id, move_id, theatre_id, customer_id, staff_id) values (14, '0378-0072', 'Clorpres', 8, '596-04-5964', '2020-02-21 01:56:09', '2020-05-24 00:29:39', 40, 26, 9, 31, 8);
insert into promotion (id, code, name, discount, description, startDate, endDate, show_id, move_id, theatre_id, customer_id, staff_id) values (15, '43419-358', 'IOPE SS', 6, '695-57-9696', '2020-06-03 08:28:31', '2020-03-26 21:25:09', 5, 1, 23, 71, 32);
insert into promotion (id, code, name, discount, description, startDate, endDate, show_id, move_id, theatre_id, customer_id, staff_id) values (16, '59883-821', 'Pro-Den Rx', 9, '389-81-7690', '2020-09-17 07:02:11', '2020-10-12 05:25:27', 97, 84, 25, 2, 50);
insert into promotion (id, code, name, discount, description, startDate, endDate, show_id, move_id, theatre_id, customer_id, staff_id) values (17, '57520-1111', 'H Acne Formula', 5, '157-58-0956', '2020-04-12 18:08:10', '2020-04-25 07:07:30', 73, 60, 17, 13, 9);
insert into promotion (id, code, name, discount, description, startDate, endDate, show_id, move_id, theatre_id, customer_id, staff_id) values (18, '36987-1084', 'Horse Epithelium', 8, '111-17-5661', '2020-03-30 12:38:28', '2020-03-26 13:14:54', 24, 61, 20, 96, 39);
insert into promotion (id, code, name, discount, description, startDate, endDate, show_id, move_id, theatre_id, customer_id, staff_id) values (19, '0268-0870', 'CLADOSPORIUM SPHAEROSPERMUM', 10, '218-73-4301', '2020-05-30 05:00:08', '2019-12-15 19:29:01', 25, 2, 10, 51, 28);
insert into promotion (id, code, name, discount, description, startDate, endDate, show_id, move_id, theatre_id, customer_id, staff_id) values (20, '37808-686', 'Risk Force', 9, '458-00-8386', '2020-05-19 18:11:32', '2020-07-21 14:07:50', 13, 64, 3, 34, 34);


insert into booking_ticket (id, code, show_id, ticket_type_id, seat_id, promotion_id, account_id, payment_id, contact_email, contact_phone, status, price) values (1, '67345-0013', 71, 6, 128, 16, 29, 2, 'hcronin0@mtv.com', '5859577512', false, 70);
insert into booking_ticket (id, code, show_id, ticket_type_id, seat_id, promotion_id, account_id, payment_id, contact_email, contact_phone, status, price) values (2, '68462-248', 63, 2, 93, 19, 53, 3, 'wbuxsy1@rakuten.co.jp', '3535525834', true, 57);
insert into booking_ticket (id, code, show_id, ticket_type_id, seat_id, promotion_id, account_id, payment_id, contact_email, contact_phone, status, price) values (3, '49527-040', 80, 5, 118, 3, 2, 2, 'lfache2@canalblog.com', '9699316358', false, 78);
insert into booking_ticket (id, code, show_id, ticket_type_id, seat_id, promotion_id, account_id, payment_id, contact_email, contact_phone, status, price) values (4, '0085-1737', 96, 5, 12, 10, 63, 2, 'fcovil3@tinyurl.com', '6849231513', true, 67);
insert into booking_ticket (id, code, show_id, ticket_type_id, seat_id, promotion_id, account_id, payment_id, contact_email, contact_phone, status, price) values (5, '21695-793', 6, 2, 132, 15, 8, 1, 'rirons4@ehow.com', '3485179508', false, 70);
insert into booking_ticket (id, code, show_id, ticket_type_id, seat_id, promotion_id, account_id, payment_id, contact_email, contact_phone, status, price) values (6, '45802-368', 60, 2, 49, 10, 49, 3, 'rminchin5@deliciousdays.com', '8702871996', false, 77);
insert into booking_ticket (id, code, show_id, ticket_type_id, seat_id, promotion_id, account_id, payment_id, contact_email, contact_phone, status, price) values (7, '41520-130', 24, 4, 3, 9, 38, 3, 'mivashintsov6@blogger.com', '4811346329', true, 94);
insert into booking_ticket (id, code, show_id, ticket_type_id, seat_id, promotion_id, account_id, payment_id, contact_email, contact_phone, status, price) values (8, '54868-5337', 13, 3, 49, 13, 38, 3, 'mpryde7@sitemeter.com', '3678479401', true, 72);
insert into booking_ticket (id, code, show_id, ticket_type_id, seat_id, promotion_id, account_id, payment_id, contact_email, contact_phone, status, price) values (9, '36987-1240', 44, 1, 61, 12, 84, 1, 'kmckerley8@soundcloud.com', '5754953172', true, 94);
insert into booking_ticket (id, code, show_id, ticket_type_id, seat_id, promotion_id, account_id, payment_id, contact_email, contact_phone, status, price) values (10, '55154-9397', 2, 1, 45, 13, 14, 1, 'ntejada9@360.cn', '2108978608', false, 80);
insert into booking_ticket (id, code, show_id, ticket_type_id, seat_id, promotion_id, account_id, payment_id, contact_email, contact_phone, status, price) values (11, '0187-5465', 93, 5, 5, 16, 53, 2, 'gpuddina@123-reg.co.uk', '5163199068', true, 94);
insert into booking_ticket (id, code, show_id, ticket_type_id, seat_id, promotion_id, account_id, payment_id, contact_email, contact_phone, status, price) values (12, '21695-948', 94, 5, 128, 5, 27, 3, 'erowbottomb@hhs.gov', '8237841438', true, 89);
insert into booking_ticket (id, code, show_id, ticket_type_id, seat_id, promotion_id, account_id, payment_id, contact_email, contact_phone, status, price) values (13, '0378-0313', 88, 6, 62, 17, 62, 2, 'ffulepc@narod.ru', '7975950834', true, 51);
insert into booking_ticket (id, code, show_id, ticket_type_id, seat_id, promotion_id, account_id, payment_id, contact_email, contact_phone, status, price) values (14, '50544-004', 47, 2, 121, 2, 58, 1, 'agounardd@cbslocal.com', '2674262198', true, 80);
insert into booking_ticket (id, code, show_id, ticket_type_id, seat_id, promotion_id, account_id, payment_id, contact_email, contact_phone, status, price) values (15, '55301-226', 63, 2, 11, 15, 18, 3, 'somalleye@yelp.com', '7984354287', false, 70);
insert into booking_ticket (id, code, show_id, ticket_type_id, seat_id, promotion_id, account_id, payment_id, contact_email, contact_phone, status, price) values (16, '53329-166', 23, 3, 60, 4, 62, 1, 'ballsobrookf@smugmug.com', '2704633188', false, 79);
insert into booking_ticket (id, code, show_id, ticket_type_id, seat_id, promotion_id, account_id, payment_id, contact_email, contact_phone, status, price) values (17, '35356-051', 29, 3, 132, 17, 55, 2, 'khenninghamg@youku.com', '4076048710', false, 98);
insert into booking_ticket (id, code, show_id, ticket_type_id, seat_id, promotion_id, account_id, payment_id, contact_email, contact_phone, status, price) values (18, '11673-094', 20, 4, 44, 4, 79, 3, 'ftownsendh@un.org', '8011324032', true, 57);
insert into booking_ticket (id, code, show_id, ticket_type_id, seat_id, promotion_id, account_id, payment_id, contact_email, contact_phone, status, price) values (19, '0085-1341', 49, 4, 23, 18, 74, 2, 'awestcoti@cbc.ca', '5087773813', false, 63);
insert into booking_ticket (id, code, show_id, ticket_type_id, seat_id, promotion_id, account_id, payment_id, contact_email, contact_phone, status, price) values (20, '53113-108', 47, 2, 131, 1, 98, 1, 'lvasyuninj@liveinternet.ru', '4104437180', true, 65);
insert into booking_ticket (id, code, show_id, ticket_type_id, seat_id, promotion_id, account_id, payment_id, contact_email, contact_phone, status, price) values (21, '68788-9529', 8, 1, 110, 5, 35, 3, 'cpaddemorek@hubpages.com', '1032227442', false, 78);
insert into booking_ticket (id, code, show_id, ticket_type_id, seat_id, promotion_id, account_id, payment_id, contact_email, contact_phone, status, price) values (22, '98132-881', 44, 2, 104, 1, 96, 1, 'jlamswoodl@npr.org', '3376146256', false, 81);
insert into booking_ticket (id, code, show_id, ticket_type_id, seat_id, promotion_id, account_id, payment_id, contact_email, contact_phone, status, price) values (23, '49288-0901', 90, 1, 83, 19, 43, 3, 'hdavenportm@hud.gov', '6654520588', false, 73);
insert into booking_ticket (id, code, show_id, ticket_type_id, seat_id, promotion_id, account_id, payment_id, contact_email, contact_phone, status, price) values (24, '68968-2020', 41, 1, 129, 11, 37, 2, 'mkonign@github.io', '3393260781', false, 93);
insert into booking_ticket (id, code, show_id, ticket_type_id, seat_id, promotion_id, account_id, payment_id, contact_email, contact_phone, status, price) values (25, '55154-2431', 44, 5, 39, 3, 90, 2, 'zgorthyo@icq.com', '5689157913', false, 74);
insert into booking_ticket (id, code, show_id, ticket_type_id, seat_id, promotion_id, account_id, payment_id, contact_email, contact_phone, status, price) values (26, '68462-140', 70, 6, 60, 14, 10, 2, 'rvaarp@webnode.com', '6337507999', false, 90);
insert into booking_ticket (id, code, show_id, ticket_type_id, seat_id, promotion_id, account_id, payment_id, contact_email, contact_phone, status, price) values (27, '50436-4326', 37, 6, 17, 13, 2, 1, 'azanassiq@ameblo.jp', '1092213970', true, 96);
insert into booking_ticket (id, code, show_id, ticket_type_id, seat_id, promotion_id, account_id, payment_id, contact_email, contact_phone, status, price) values (28, '54868-1978', 48, 5, 96, 6, 56, 1, 'amacdaidr@lulu.com', '6606781798', true, 89);
insert into booking_ticket (id, code, show_id, ticket_type_id, seat_id, promotion_id, account_id, payment_id, contact_email, contact_phone, status, price) values (29, '52682-023', 42, 3, 24, 12, 53, 3, 'jhanrahans@wired.com', '2834118733', true, 66);
insert into booking_ticket (id, code, show_id, ticket_type_id, seat_id, promotion_id, account_id, payment_id, contact_email, contact_phone, status, price) values (30, '65691-0107', 75, 5, 17, 20, 42, 2, 'spondjonest@geocities.com', '8441237407', true, 93);
insert into booking_ticket (id, code, show_id, ticket_type_id, seat_id, promotion_id, account_id, payment_id, contact_email, contact_phone, status, price) values (31, '49035-158', 66, 2, 64, 2, 2, 1, 'scubbinelliu@hc360.com', '3657329790', true, 68);
insert into booking_ticket (id, code, show_id, ticket_type_id, seat_id, promotion_id, account_id, payment_id, contact_email, contact_phone, status, price) values (32, '49288-0195', 88, 5, 37, 11, 44, 3, 'fwodelandv@ocn.ne.jp', '8145207694', false, 54);
insert into booking_ticket (id, code, show_id, ticket_type_id, seat_id, promotion_id, account_id, payment_id, contact_email, contact_phone, status, price) values (33, '49348-741', 79, 2, 117, 12, 69, 2, 'lwrathmellw@acquirethisname.com', '9522594474', false, 97);
insert into booking_ticket (id, code, show_id, ticket_type_id, seat_id, promotion_id, account_id, payment_id, contact_email, contact_phone, status, price) values (34, '55154-4510', 22, 5, 60, 17, 5, 3, 'pwoodisonx@merriam-webster.com', '9745633428', true, 95);
insert into booking_ticket (id, code, show_id, ticket_type_id, seat_id, promotion_id, account_id, payment_id, contact_email, contact_phone, status, price) values (35, '51758-004', 60, 6, 130, 9, 11, 2, 'fcrowesty@unicef.org', '3208892029', true, 54);
insert into booking_ticket (id, code, show_id, ticket_type_id, seat_id, promotion_id, account_id, payment_id, contact_email, contact_phone, status, price) values (36, '0074-3005', 37, 6, 67, 18, 73, 2, 'nnovakz@columbia.edu', '3884489974', true, 67);
insert into booking_ticket (id, code, show_id, ticket_type_id, seat_id, promotion_id, account_id, payment_id, contact_email, contact_phone, status, price) values (37, '67253-147', 67, 4, 134, 7, 84, 2, 'mvaux10@eventbrite.com', '6474549441', true, 56);
insert into booking_ticket (id, code, show_id, ticket_type_id, seat_id, promotion_id, account_id, payment_id, contact_email, contact_phone, status, price) values (38, '54973-0621', 58, 5, 99, 11, 31, 1, 'dlawtey11@is.gd', '7926242425', true, 95);
insert into booking_ticket (id, code, show_id, ticket_type_id, seat_id, promotion_id, account_id, payment_id, contact_email, contact_phone, status, price) values (39, '10191-1253', 40, 6, 124, 14, 28, 1, 'bquilkin12@goodreads.com', '4785808886', false, 78);
insert into booking_ticket (id, code, show_id, ticket_type_id, seat_id, promotion_id, account_id, payment_id, contact_email, contact_phone, status, price) values (40, '55154-3925', 81, 4, 34, 1, 99, 1, 'fpurcell13@aboutads.info', '7181923990', false, 91);
insert into booking_ticket (id, code, show_id, ticket_type_id, seat_id, promotion_id, account_id, payment_id, contact_email, contact_phone, status, price) values (41, '64764-310', 31, 4, 81, 13, 22, 2, 'dgallaccio14@icio.us', '9909901469', false, 90);
insert into booking_ticket (id, code, show_id, ticket_type_id, seat_id, promotion_id, account_id, payment_id, contact_email, contact_phone, status, price) values (42, '67850-011', 74, 5, 82, 7, 62, 1, 'cdubbin15@reuters.com', '7327803109', true, 59);
insert into booking_ticket (id, code, show_id, ticket_type_id, seat_id, promotion_id, account_id, payment_id, contact_email, contact_phone, status, price) values (43, '65862-524', 35, 4, 148, 12, 1, 2, 'prumble16@nationalgeographic.com', '9662436534', false, 91);
insert into booking_ticket (id, code, show_id, ticket_type_id, seat_id, promotion_id, account_id, payment_id, contact_email, contact_phone, status, price) values (44, '76237-144', 45, 1, 47, 9, 19, 3, 'rgroger17@histats.com', '5095923833', true, 83);
insert into booking_ticket (id, code, show_id, ticket_type_id, seat_id, promotion_id, account_id, payment_id, contact_email, contact_phone, status, price) values (45, '41163-425', 80, 1, 132, 18, 24, 3, 'ivalentetti18@friendfeed.com', '2099768361', true, 78);
insert into booking_ticket (id, code, show_id, ticket_type_id, seat_id, promotion_id, account_id, payment_id, contact_email, contact_phone, status, price) values (46, '49035-375', 15, 4, 22, 17, 51, 3, 'ekubik19@hibu.com', '7823657182', true, 77);
insert into booking_ticket (id, code, show_id, ticket_type_id, seat_id, promotion_id, account_id, payment_id, contact_email, contact_phone, status, price) values (47, '43857-0302', 41, 5, 53, 20, 41, 1, 'dheskins1a@wufoo.com', '1872790982', true, 71);
insert into booking_ticket (id, code, show_id, ticket_type_id, seat_id, promotion_id, account_id, payment_id, contact_email, contact_phone, status, price) values (48, '59667-0052', 59, 3, 74, 8, 96, 2, 'rdeangelo1b@woothemes.com', '7319945006', true, 93);
insert into booking_ticket (id, code, show_id, ticket_type_id, seat_id, promotion_id, account_id, payment_id, contact_email, contact_phone, status, price) values (49, '55154-3344', 28, 2, 69, 16, 71, 3, 'thugle1c@usda.gov', '7807474074', true, 52);
insert into booking_ticket (id, code, show_id, ticket_type_id, seat_id, promotion_id, account_id, payment_id, contact_email, contact_phone, status, price) values (50, '33261-536', 43, 6, 41, 11, 99, 3, 'srawlings1d@mayoclinic.com', '7673345391', true, 72);
insert into booking_ticket (id, code, show_id, ticket_type_id, seat_id, promotion_id, account_id, payment_id, contact_email, contact_phone, status, price) values (51, '0280-1186', 84, 1, 15, 1, 56, 3, 'kbishopp1e@pagesperso-orange.fr', '6575191837', false, 92);
insert into booking_ticket (id, code, show_id, ticket_type_id, seat_id, promotion_id, account_id, payment_id, contact_email, contact_phone, status, price) values (52, '62011-0156', 18, 3, 2, 18, 4, 2, 'lwolstencroft1f@blogspot.com', '6512631587', true, 57);
insert into booking_ticket (id, code, show_id, ticket_type_id, seat_id, promotion_id, account_id, payment_id, contact_email, contact_phone, status, price) values (53, '55154-4615', 76, 2, 12, 15, 77, 1, 'aswyne1g@mlb.com', '8234877548', false, 73);
insert into booking_ticket (id, code, show_id, ticket_type_id, seat_id, promotion_id, account_id, payment_id, contact_email, contact_phone, status, price) values (54, '63629-5073', 60, 6, 128, 2, 30, 3, 'twindows1h@odnoklassniki.ru', '4489539902', false, 78);
insert into booking_ticket (id, code, show_id, ticket_type_id, seat_id, promotion_id, account_id, payment_id, contact_email, contact_phone, status, price) values (55, '51672-4011', 48, 1, 133, 4, 16, 2, 'mmetherell1i@yahoo.co.jp', '5582034519', false, 56);
insert into booking_ticket (id, code, show_id, ticket_type_id, seat_id, promotion_id, account_id, payment_id, contact_email, contact_phone, status, price) values (56, '61786-000', 40, 1, 96, 18, 95, 3, 'pwallenger1j@google.es', '5923272773', true, 64);
insert into booking_ticket (id, code, show_id, ticket_type_id, seat_id, promotion_id, account_id, payment_id, contact_email, contact_phone, status, price) values (57, '51334-0002', 90, 1, 123, 11, 74, 2, 'owernham1k@omniture.com', '6528447067', true, 62);
insert into booking_ticket (id, code, show_id, ticket_type_id, seat_id, promotion_id, account_id, payment_id, contact_email, contact_phone, status, price) values (58, '65862-521', 91, 4, 95, 9, 65, 2, 'pcoggins1l@last.fm', '9451513385', false, 73);
insert into booking_ticket (id, code, show_id, ticket_type_id, seat_id, promotion_id, account_id, payment_id, contact_email, contact_phone, status, price) values (59, '67296-0586', 38, 1, 132, 10, 76, 3, 'tgilham1m@howstuffworks.com', '7413167833', true, 75);
insert into booking_ticket (id, code, show_id, ticket_type_id, seat_id, promotion_id, account_id, payment_id, contact_email, contact_phone, status, price) values (60, '25543-012', 38, 5, 140, 13, 5, 1, 'dsparshatt1n@scribd.com', '2385626069', false, 70);
insert into booking_ticket (id, code, show_id, ticket_type_id, seat_id, promotion_id, account_id, payment_id, contact_email, contact_phone, status, price) values (61, '43406-0108', 8, 6, 148, 6, 20, 2, 'obutcher1o@google.ca', '6175616833', false, 92);
insert into booking_ticket (id, code, show_id, ticket_type_id, seat_id, promotion_id, account_id, payment_id, contact_email, contact_phone, status, price) values (62, '0186-1090', 86, 1, 21, 13, 16, 2, 'kadamowicz1p@joomla.org', '9948684328', false, 95);
insert into booking_ticket (id, code, show_id, ticket_type_id, seat_id, promotion_id, account_id, payment_id, contact_email, contact_phone, status, price) values (63, '23558-6895', 41, 4, 88, 13, 63, 1, 'ttome1q@businesswire.com', '6149332958', true, 92);
insert into booking_ticket (id, code, show_id, ticket_type_id, seat_id, promotion_id, account_id, payment_id, contact_email, contact_phone, status, price) values (64, '42254-139', 94, 1, 149, 10, 51, 1, 'lkinneir1r@about.me', '7375882930', true, 86);
insert into booking_ticket (id, code, show_id, ticket_type_id, seat_id, promotion_id, account_id, payment_id, contact_email, contact_phone, status, price) values (65, '10631-285', 62, 4, 32, 14, 82, 2, 'gtidey1s@free.fr', '2314572918', true, 79);
insert into booking_ticket (id, code, show_id, ticket_type_id, seat_id, promotion_id, account_id, payment_id, contact_email, contact_phone, status, price) values (66, '60505-2530', 83, 4, 73, 16, 92, 1, 'skears1t@java.com', '3758388032', true, 63);
insert into booking_ticket (id, code, show_id, ticket_type_id, seat_id, promotion_id, account_id, payment_id, contact_email, contact_phone, status, price) values (67, '49349-480', 74, 1, 93, 16, 88, 3, 'hcopley1u@feedburner.com', '8492739176', false, 85);
insert into booking_ticket (id, code, show_id, ticket_type_id, seat_id, promotion_id, account_id, payment_id, contact_email, contact_phone, status, price) values (68, '63323-184', 24, 6, 29, 8, 85, 2, 'ldurban1v@1und1.de', '2943719279', true, 91);
insert into booking_ticket (id, code, show_id, ticket_type_id, seat_id, promotion_id, account_id, payment_id, contact_email, contact_phone, status, price) values (69, '51079-235', 24, 4, 90, 4, 36, 1, 'blympany1w@upenn.edu', '3454560891', true, 50);
insert into booking_ticket (id, code, show_id, ticket_type_id, seat_id, promotion_id, account_id, payment_id, contact_email, contact_phone, status, price) values (70, '0363-0360', 54, 2, 12, 18, 57, 1, 'mdartnall1x@time.com', '2632228817', true, 99);
insert into booking_ticket (id, code, show_id, ticket_type_id, seat_id, promotion_id, account_id, payment_id, contact_email, contact_phone, status, price) values (71, '58414-3042', 23, 4, 112, 7, 61, 2, 'sbuzza1y@yolasite.com', '3537225478', true, 74);
insert into booking_ticket (id, code, show_id, ticket_type_id, seat_id, promotion_id, account_id, payment_id, contact_email, contact_phone, status, price) values (72, '66538-501', 47, 1, 110, 16, 8, 1, 'korwin1z@umich.edu', '7974186921', false, 86);
insert into booking_ticket (id, code, show_id, ticket_type_id, seat_id, promotion_id, account_id, payment_id, contact_email, contact_phone, status, price) values (73, '67253-181', 42, 1, 55, 2, 10, 3, 'kgallard20@boston.com', '8523006755', false, 98);
insert into booking_ticket (id, code, show_id, ticket_type_id, seat_id, promotion_id, account_id, payment_id, contact_email, contact_phone, status, price) values (74, '0338-1025', 47, 2, 34, 2, 54, 3, 'mmelding21@blogger.com', '9359617468', false, 74);
insert into booking_ticket (id, code, show_id, ticket_type_id, seat_id, promotion_id, account_id, payment_id, contact_email, contact_phone, status, price) values (75, '41167-1002', 98, 1, 135, 6, 25, 1, 'lros22@hp.com', '2004136459', false, 73);
insert into booking_ticket (id, code, show_id, ticket_type_id, seat_id, promotion_id, account_id, payment_id, contact_email, contact_phone, status, price) values (76, '43492-0001', 7, 5, 112, 8, 85, 1, 'rmardlin23@washington.edu', '4297758541', true, 52);
insert into booking_ticket (id, code, show_id, ticket_type_id, seat_id, promotion_id, account_id, payment_id, contact_email, contact_phone, status, price) values (77, '41163-478', 23, 1, 132, 17, 33, 1, 'wmisk24@japanpost.jp', '7424637008', false, 89);
insert into booking_ticket (id, code, show_id, ticket_type_id, seat_id, promotion_id, account_id, payment_id, contact_email, contact_phone, status, price) values (78, '60505-0839', 29, 3, 53, 13, 69, 3, 'lrisbie25@hao123.com', '6261542438', true, 51);
insert into booking_ticket (id, code, show_id, ticket_type_id, seat_id, promotion_id, account_id, payment_id, contact_email, contact_phone, status, price) values (79, '51672-5263', 8, 5, 116, 6, 57, 2, 'vmedgewick26@about.me', '8541187377', false, 59);
insert into booking_ticket (id, code, show_id, ticket_type_id, seat_id, promotion_id, account_id, payment_id, contact_email, contact_phone, status, price) values (80, '65954-768', 72, 6, 138, 3, 86, 2, 'nkeddy27@merriam-webster.com', '5148402974', false, 84);
insert into booking_ticket (id, code, show_id, ticket_type_id, seat_id, promotion_id, account_id, payment_id, contact_email, contact_phone, status, price) values (81, '49349-429', 84, 6, 113, 13, 85, 2, 'crosenau28@comsenz.com', '2882425284', true, 50);
insert into booking_ticket (id, code, show_id, ticket_type_id, seat_id, promotion_id, account_id, payment_id, contact_email, contact_phone, status, price) values (82, '49738-441', 38, 6, 46, 7, 12, 1, 'adungee29@netvibes.com', '5179872550', true, 59);
insert into booking_ticket (id, code, show_id, ticket_type_id, seat_id, promotion_id, account_id, payment_id, contact_email, contact_phone, status, price) values (83, '53063-1111', 19, 5, 146, 16, 21, 3, 'pratcliff2a@mayoclinic.com', '6653749379', false, 72);
insert into booking_ticket (id, code, show_id, ticket_type_id, seat_id, promotion_id, account_id, payment_id, contact_email, contact_phone, status, price) values (84, '51285-080', 45, 1, 1, 6, 16, 2, 'lblazdell2b@livejournal.com', '3787392998', false, 51);
insert into booking_ticket (id, code, show_id, ticket_type_id, seat_id, promotion_id, account_id, payment_id, contact_email, contact_phone, status, price) values (85, '0078-0517', 7, 5, 44, 20, 14, 3, 'jthorington2c@icio.us', '6367349688', true, 58);
insert into booking_ticket (id, code, show_id, ticket_type_id, seat_id, promotion_id, account_id, payment_id, contact_email, contact_phone, status, price) values (86, '55316-067', 4, 6, 33, 20, 91, 2, 'ldutch2d@php.net', '6668047804', false, 58);
insert into booking_ticket (id, code, show_id, ticket_type_id, seat_id, promotion_id, account_id, payment_id, contact_email, contact_phone, status, price) values (87, '49884-019', 54, 6, 141, 10, 48, 1, 'dedward2e@yolasite.com', '8755047929', true, 86);
insert into booking_ticket (id, code, show_id, ticket_type_id, seat_id, promotion_id, account_id, payment_id, contact_email, contact_phone, status, price) values (88, '54473-233', 21, 2, 139, 1, 100, 2, 'jbynold2f@wunderground.com', '9164225131', false, 85);
insert into booking_ticket (id, code, show_id, ticket_type_id, seat_id, promotion_id, account_id, payment_id, contact_email, contact_phone, status, price) values (89, '76439-244', 43, 5, 37, 18, 74, 3, 'dlindholm2g@furl.net', '7411163044', false, 96);
insert into booking_ticket (id, code, show_id, ticket_type_id, seat_id, promotion_id, account_id, payment_id, contact_email, contact_phone, status, price) values (90, '49852-032', 48, 4, 1, 14, 94, 1, 'ghabishaw2h@accuweather.com', '2846523056', false, 72);
insert into booking_ticket (id, code, show_id, ticket_type_id, seat_id, promotion_id, account_id, payment_id, contact_email, contact_phone, status, price) values (91, '53738-0714', 12, 6, 139, 4, 99, 1, 'kferriby2i@furl.net', '3855109747', true, 51);
insert into booking_ticket (id, code, show_id, ticket_type_id, seat_id, promotion_id, account_id, payment_id, contact_email, contact_phone, status, price) values (92, '0338-0073', 50, 5, 21, 1, 30, 1, 'jbreakspear2j@tamu.edu', '6584495034', false, 99);
insert into booking_ticket (id, code, show_id, ticket_type_id, seat_id, promotion_id, account_id, payment_id, contact_email, contact_phone, status, price) values (93, '76084-1001', 24, 6, 139, 15, 38, 2, 'cschrei2k@tamu.edu', '4664703554', true, 83);
insert into booking_ticket (id, code, show_id, ticket_type_id, seat_id, promotion_id, account_id, payment_id, contact_email, contact_phone, status, price) values (94, '34460-6001', 6, 1, 63, 8, 49, 2, 'bsyme2l@livejournal.com', '5639379821', false, 61);
insert into booking_ticket (id, code, show_id, ticket_type_id, seat_id, promotion_id, account_id, payment_id, contact_email, contact_phone, status, price) values (95, '51329-1001', 29, 3, 34, 13, 58, 3, 'eingerman2m@cam.ac.uk', '2709838870', false, 75);
insert into booking_ticket (id, code, show_id, ticket_type_id, seat_id, promotion_id, account_id, payment_id, contact_email, contact_phone, status, price) values (96, '49884-821', 74, 6, 43, 18, 74, 3, 'rbarthelmes2n@reddit.com', '2493359005', false, 70);
insert into booking_ticket (id, code, show_id, ticket_type_id, seat_id, promotion_id, account_id, payment_id, contact_email, contact_phone, status, price) values (97, '55111-279', 63, 1, 29, 15, 40, 2, 'rvannini2o@slashdot.org', '4968168683', true, 94);
insert into booking_ticket (id, code, show_id, ticket_type_id, seat_id, promotion_id, account_id, payment_id, contact_email, contact_phone, status, price) values (98, '68382-019', 72, 6, 80, 1, 86, 3, 'aloughrey2p@weather.com', '2949150529', true, 51);
insert into booking_ticket (id, code, show_id, ticket_type_id, seat_id, promotion_id, account_id, payment_id, contact_email, contact_phone, status, price) values (99, '64117-235', 16, 6, 18, 9, 5, 1, 'swaldera2q@cbsnews.com', '5838152506', false, 64);
insert into booking_ticket (id, code, show_id, ticket_type_id, seat_id, promotion_id, account_id, payment_id, contact_email, contact_phone, status, price) values (100, '37808-332', 7, 5, 49, 19, 64, 3, 'bgaskall2r@wiley.com', '6906410014', true, 97);



